Course Code,Crosslisting,Course Title,Session,Credit,Class Time,Instructor
ACCT 100 LEC 1,,Principles of Financial Accounting,16W,3,TTh 11:00a-12:15p,Syed Zain  ul Abidin
ACCT 100 LEC 2,,Principles of Financial Accounting,16W,3,TTh 12:30p-1:45p,Syed Zain  ul Abidin
ACCT 100 LEC 3,,Principles of Financial Accounting,16W,3,TTh 2:00p-3:15p,Syed Zain  ul Abidin
ACCT 100 LEC 4,,Principles of Financial Accounting,16W,3,TTh 3:30p-4:45p,Zainab Mehmood
ACCT 100 LEC 5,,Principles of Financial Accounting,16W,3,TTh 5:00p-6:15p,Zainab Mehmood
ACCT 100 LEC 6,,Principles of Financial Accounting,16W,3,MW 9:30a-10:45a,Saira Rizwan
ACCT 100 LEC 7,,Principles of Financial Accounting,16W,3,MW 11:00a-12:15p,Saira Rizwan
ACCT 130 LEC 1,,Principles of Management Accounting,16W,3,TTh 9:30a-10:45a,Ayesha Bhatti
ACCT 130 LEC 2,,Principles of Management Accounting,16W,3,TTh 11:00a-12:15p,Ayesha Bhatti
ACCT 130 LEC 3,,Principles of Management Accounting,16W,3,TTh 2:00p-3:15p,Ayesha Bhatti
ACCT 130 LEC 4,,Principles of Management Accounting,16W,3,TTh 12:30p-1:45p,Ayesha Bhatti
ACCT 130 LEC 5,,Principles of Management Accounting,16W,3,TTh 9:30a-10:45a,Mahin Moazzam
ACCT 130 LEC 6,,Principles of Management Accounting,16W,3,TTh 11:00a-12:15p,Mahin Moazzam
ACCT 130 LEC 7,,Principles of Management Accounting,16W,3,TTh 2:00p-3:15p,Mahin Moazzam
ACCT 202 LEC 1,,"Theory and Concepts of Accounting - Islamic
Perspective",16W,3,MW 9:30a-10:45a,Abdul Rauf
ACCT 202 LEC 2,,"Theory and Concepts of Accounting - Islamic
Perspective",16W,3,MW 11:00a-12:15p,Abdul Rauf
ACCT 220 LEC 1,,Corporate Financial Reporting I,16W,3,MW 11:00a-12:15p,Samia Ahmed Ali
ACCT 220 LEC 2,,Corporate Financial Reporting I,16W,3,MW 12:30p-1:45p,Samia Ahmed Ali
ACCT 220 LEC 3,,Corporate Financial Reporting I,16W,3,MW 2:00p-3:15p,Samia Ahmed Ali
ACCT 411 LEC 1,,Applied Financial Analysis,16W,3,MW 2:00p-3:15p,Saira Rizwan
ACCT 482 LEC 1,,"Governance, Risk and Compliance",16W,3,MW 8:00a-9:15a,Ali Qamar
ACF 2101 LEC 1,,Introduction to Finance and Accounting,SDSB-Foundation,1.5,MThFSSu 2:00p-4:10p,Syed Zain  ul Abidin
ACF 2101 LEC 2,,Introduction to Finance and Accounting,SDSB-Foundation,1.5,MThFSSu 11:00a-1:10p,
ACF 5101 LEC 1,,Financial Management and Accounting,MS1,3,FSSu 2:00p-4:00p,"Samia Ahmed Ali
Syed Mubashir Ali"
ACTA 6202 LEC 1,,Analytics in Accounting and Control,MS1,3,FSSu 10:45a-12:45p,Ali Qamar
AI 500 LEC 1,,Foundations of AI,16W,3,S 12:30p-3:30p,Murtaza Taj
AI 501 LEC 1,,Mathematics for AI,16W,3,S 9:30a-12:30p,Zubair Khalid
ANTH 100 LEC 1,,Introduction to Cultural Anthropology,16W,4,MW 4:00p-5:50p,Syeedda Anjum Ara Alvi
ANTH 100 LEC 2,,Introduction to Cultural Anthropology,16W,4,MW 2:00p-3:50p,Sadaf Ahmad
ANTH 276 LEC 1,,Anthropology of Social Media,16W,4,TTh 4:00p-5:50p,Rabia Kamal
ANTH 312 LEC 1,,Modernity as a Way of Life,16W,4,TTh 10:00a-11:50a,Lukas Albert Paul Werth
ANTH 434 LEC 1,ECON 4402,Putting Social Science to the Test: Mixed-Methods Approaches to Lahore’s Developmental Challenges,16W,4,TTh 12:00p-1:50p,Ameem Lutfi Farah Said
ANTH 464 LEC 1,REL 453,Children of Abraham,16W,4,TTh 2:00p-3:50p,Lukas Albert Paul Werth
ANTH 483 LEC 1,HIST 4202,Caste in South Asia and Beyond,16W,4,MW 12:00p-1:50p,Dominic William Esler
BIO 101 LEC 1,,Introductory Biology,16W,3,MW 5:00p-6:15p,"Muhammad Shoaib Muhammad Tariq
Safee Ullah Chaudhary"
BIO 216 LEC 1,,Molecular Biology,16W,3,MW 1:00p-2:15p,"Muhammad Shoaib
Muhammad Tariq"
BIO 221 LEC 1,,Genetics,16W,4,MW 10:30a-12:20p,"Khurram Bashir
Muhammad Tariq"
BIO 300 LAB 1,BIO 500,Methods in Cell and Molecular Biology,16W,4,MWF 9:00a-9:50a,"Khurram Bashir Shaper Mirza Zaigham Shahzad Muhammad Shoaib
Muhammad Tariq"
BIO 300 LAB 1a,BIO 500,Methods in Cell and Molecular Biology,16W,4,MWF 10:00a-12:50p,Khalida Mazhar
BIO 313 LEC 1,,Cell Biology,16W,3,TTh 11:30a-12:45p,"Khurram Bashir
Faiz Ul Hassan Nasim"
BIO 331 LEC 1,CS 330,Computational Biology II,16W,3,MW 2:30p-3:45p,Safee Ullah Chaudhary
BIO 401 SEM 1,,Seminars in Biology,16W,1,M 1:00p-1:50p,Khurram Bashir
BIO 403 LEC 1,BIO 503,"Critical thinking, Scientific Writing and Ethics",16W,3,TTh 3:00p-4:15p,"Khurram Bashir
Muhammad Shoaib"
BIO 513 LEC 1,,Biophysical Techniques,16W,3,TTh 2:30p-3:45p,Faiz Ul Hassan Nasim
BIO 516 LEC 1,,Advanced Molecular and Cell Biology,16W,3,TTh 4:00p-5:15p,"Shaper Mirza
Zaigham Shahzad"
BIO 517 LEC 1,,Molecular Mechanisms of Bacterial Pathagenesis,16W,3,TTh 1:00p-2:15p,Shaper Mirza
BIO 523 LEC 1,,RNA Biology,16W,3,TTh 4:30p-5:45p,Faiz Ul Hassan Nasim
BIO 524 LEC 1,,Evolution,16W,3,TTh 10:00a-11:15a,Zaigham Shahzad
BIO 531 LEC 1,,Computational Biology,16W,3,TTh 11:30a-12:45p,Safee Ullah Chaudhary
CHE 210 LEC 1,,Physical Chemistry,16W,3,MW 10:30a-11:45a,Falak Sher
CHE 260 LEC 1,,Principles of Chemical Engineering,16W,3,MW 12:00p-1:15p,Qandeel Almas
CHE 262 LEC 1,,Particle Science and Engineering,16W,3,TTh 5:00p-6:15p,Muhammad Faheem
CHE 300A LAB 1,,Chemical Engineering Lab II,16W,1,W 11:00a-1:50p,Faheem Hassan Akhtar
CHE 302 LEC 1,SCI 307,Air Pollution,16W,3,TTh 12:00p-1:15p,Shahana Khurshid
CHE 320 LEC 1,,Separation Processes,16W,3,TTh 9:00a-10:15a,Tauqeer Abbas
CHE 330 LEC 1,,Math Methods in Chemical Engineering II,16W,3,MW 9:00a-10:15a,Usman Bin Shahid
CHE 352 LEC 1,,Heat and Mass Transfer,16W,3,TTh 3:00p-4:15p,Ali Rauf
CHE 401 LEC 1,,Chemical Process Design,16W,4,TTh 2:00p-3:15p,Qandeel Almas
CHE 401 LAB 1,,Chemical Process Design,16W,4,F 2:00p-4:50p,Qandeel Almas
CHE 401A LAB 1,,Chemical Engineering Lab - V,16W,1,Th 8:00a-10:50a,"Qandeel Almas
Usman Bin Shahid"
CHE 401B LAB 1,,Chemical Engineering Lab - VI,16W,1,T 8:00a-10:50a,"Qasim Imtiaz
Ali Rauf"
CHE 415 LEC 1,,"Renewable Energy: Fundamentals, Applications,
and Economics",16W,3,TTh 2:00p-3:15p,Tauqeer Abbas
CHE 422 LEC 1,,Chemical Process Safety,16W,2,MW 10:00a-10:50a,Faheem Hassan Akhtar
CHE 710 LEC 1,,Transport Processes in the Environment,16W,3,TTh 8:00a-9:15a,Shahana Khurshid
CHEM 101 LEC 1,,Principles of Chemistry,16W,3,MW 3:30p-4:45p,Habib-ur- Rehman
CHEM 101 LEC 2,,Principles of Chemistry,16W,3,TTh 5:00p-6:15p,Basit Yameen
CHEM 221 LEC 1,PHY 335,Molecular Symmetry I,16W,3,TTh 5:00p-6:15p,Muhammad Zaheer
CHEM 231 LEC 1,,Fundamentals of Organic Chemistry,16W,3,MW 3:00p-4:15p,Irshad Hussain
CHEM 314 LEC 1,,Quantum Chemistry,16W,3,MW 10:00a-11:15a,Habib-ur- Rehman
CHEM 324 LEC 1,,Inorganic Chemistry I,16W,3,TTh 2:00p-3:15p,Ghayoor Abbas Chotana
CHEM 332 LEC 1,,Chemistry of the Organic Functional Groups,16W,3,TTh 10:30a-11:45a,Muhammad Saeed
CHEM 342 LEC 1,,Analytical Chemistry I,16W,3,MW 8:00a-9:15a,"Muhammad Saeed
Muhammad Zaheer"
CHEM 410 LAB 1,,Physical Chemistry Lab,16W,2,F 3:00p-5:50p,Salman Noshear Arshad
CHEM 410 LEC 1,,Physical Chemistry Lab,16W,2,F 12:00p-12:50p,Salman Noshear Arshad
CHEM 430 LAB 1,,Organic Chemistry Lab II,16W,2,F 9:00a-11:50a,Muhammad Saeed
CHEM 430 LEC 1,,Organic Chemistry Lab II,16W,2,F 8:00a-8:50a,Muhammad Saeed
CHEM 516 LEC 1,,Characterization Techniques for Materials,16W,3,TTh 11:00a-12:15p,Salman Noshear Arshad
CHEM 521 LEC 1,,Advanced Inorganic Chemistry I,16W,3,TTh 9:00a-10:15a,Ghayoor Abbas Chotana
CHEM 531 LEC 1,,Advanced Organic Chemistry I,16W,3,MW 1:00p-2:15p,Irshad Hussain
CHEM 532 LEC 1,,Chemistry of Biomolecule,16W,3,MW 10:00a-11:15a,Muhammad Saeed
CHEM 721 LEC 1,,Selected Topics in Inorganic Chemistry,16W,3,MW 9:00a-10:15a,Ghayoor Abbas Chotana
CHEM 731 LEC 1,,Selected Topics in Organic Chemistry,16W,3,MW 1:00p-2:15p,Irshad Hussain
CLCA 1000 LEC 1,,Engaging with Texts and Contexts,16W,4,TTh 10:00a-11:50a,"Fatima Fayyaz
Maryam Wasif Khan"
CLCA 2119 LEC 1,,Mechanics of Fiction,16W,4,MW 12:00p-1:50p,Bilal Tanweer
CLCA 2122 LEC 1,,Urdu Afsana,16W,4,TTh 4:30p-6:20p,Zia Ul Hassan
CLCA 2133 LEC 1,,Fountain of the Sun: Rumi’s Masnavi and Divan,16W,4,TTh 1:30p-3:20p,Fatima Fayyaz
CLCA 2222 LEC 1,,The Critical Lens: The Art of Filmmaking,16W,4,MW 2:00p-3:50p,Raja Mohammad Tabish Habib
CLCA 2523 LEC 1,,Introduction to Illustrative Storytelling,16W,4,MW 10:00a-11:50a,
CLCA 3123 LEC 1,,Aag ka Darya: A Close Reading,16W,4,MW 4:00p-5:50p,Nasir Abbas
CLCA 3211 LEC 1,,Film and Screen Studies Research Seminar,16W,4,TTh 12:00p-1:50p,Zebunnisa Hamid
CLCA 3324 LEC 1,,The Craft of Translation,16W,4,TTh 2:00p-3:50p,Bilal Tanweer
CLCA 3325 LEC 1,,Life Writing and the Multilingual Self,16W,4,MW 8:00a-9:50a,Usama Mumtaz Lali
CS 100 LEC 1,,Computational Problem Solving,16W,3,TTh 4:00p-4:50p,"Maryam Mustafa
Shafay Shamail"
CS 100 LEC 2,,Computational Problem Solving,16W,3,MW 12:00p-12:50p,"Maryam Mustafa
Shafay Shamail"
CS 100 LAB 1,,Computational Problem Solving,16W,3,M 8:00a-10:50a,"Maryam Mustafa
Shafay Shamail"
CS 100 LAB 2,,Computational Problem Solving,16W,3,F 2:00p-4:50p,"Maryam Mustafa
Shafay Shamail"
CS 200 LEC 1,EE 201,Introduction to Programming,16W,4,MW 10:00a-11:15a,Zartash Afzal Uzmi
CS 200 LEC 2,EE 201,Introduction to Programming,16W,4,TTh 10:00a-11:15a,Zartash Afzal Uzmi
CS 200 LAB 1,EE 201,Introduction to Programming,16W,4,M 1:00p-3:50p,Zartash Afzal Uzmi
CS 200 LAB 2,EE 201,Introduction to Programming,16W,4,F 10:00a-12:50p,Zartash Afzal Uzmi
CS 202 LEC 1,EE 202,Data Structures,16W,3,TTh 10:00a-11:15a,"Waqar Ahmad
Muhammad Sohaib Ayub"
CS 210 LEC 1,MATH 252,Discrete Mathematics,16W,4,TTh 1:00p-2:50p,Malik Jahan Khan
CS 210 LEC 2,MATH 252,Discrete Mathematics,16W,4,TTh 3:00p-4:50p,Malik Jahan Khan
CS 225 LEC 1,,Fundamentals of Computer Systems,16W,4,TTh 8:00a-9:50a,Muhammad Jahangir Ikram
CS 225 LEC 2,,Fundamentals of Computer Systems,16W,4,TTh 4:00p-5:50p,Muhammad Adeel Ahmed Pasha
CS 310 LEC 1,CS 5102,Algorithms,16W,3,TTh 1:30p-2:45p,Imdad ullah khan
CS 334 LEC 1,EE 402,Principles and Techniques of Data Science,16W,3,TTh 12:00p-1:15p,Ihsan Ayyub Qazi
CS 340 LEC 1,,Databases,16W,3,MW 9:00a-10:15a,"Asim Karim
Basit Shafiq"
CS 340 LEC 2,,Databases,16W,3,TTh 9:00a-10:15a,"Asim Karim
Basit Shafiq"
CS 370 LEC 1,,Operating Systems,16W,3,MW 10:00a-11:15a,"Naveed Anwar Bhatti
Muhammad Hammad Alizai"
CS 370 LEC 2,,Operating Systems,16W,3,MW 4:00p-5:15p,"Naveed Anwar Bhatti
Muhammad Hammad Alizai"
CS 436 LEC 1,CS 5310/ EE 513,Computer Vision Fundamentals,16W,3,TTh 12:00p-1:15p,Murtaza Taj
CS 452 LEC 1,,Computer Graphics,16W,3,TTh 5:00p-6:15p,Murtaza Taj
CS 4602 SEM 1,CS 667,Coding for Careers,16W,3,F 9:30a-10:45a,Maryam Abdul Ghafoor
CS 4602 SEM 2,CS 667,Coding for Careers,16W,3,F 9:30a-10:45a,Mobin Javed
CS 4602 SEM 1a,CS 667,Coding for Careers,16W,3,F 11:00a-12:15p,Mobin Javed
CS 4602 SEM 2a,CS 667,Coding for Careers,16W,3,F 11:00a-12:15p,Maryam Abdul Ghafoor
CS 487 LEC 1,,Cloud Development,16W,3,TTh 10:00a-11:15a,
CS 501 LEC 1,EE 515/MATH 439,Applied Probability,16W,3,TTh 3:00p-4:15p,Momin Ayub Uppal
CS 535 LEC 1,CS 438/EE 514,Machine Learning,16W,3,MW 12:00p-1:15p,Agha Ali Raza
CS 535 LEC 2,CS 438/EE 514,Machine Learning,16W,3,MW 1:30p-2:45p,Agha Ali Raza
CS 553 LEC 1,,Computer Graphics,16W,3,MW 9:30a-10:45a,Murtaza Taj
CS 5602 LEC 1,,Game Design and Development,16W,3,MW 5:00p-6:15p,Salman Arif
CS 582 LEC 1,,Distributed Systems,16W,3,MW 12:00p-1:15p,Zafar Ayyub Qazi
CS 6303 LEC 1,,"Topics in Large Language Models: Systems,
Applications and Impacts",16W,3,MW 3:00p-4:15p,"Ihsan Ayyub Qazi
Zafar Ayyub Qazi"
CS 682 LEC 1,,Topics in Computer and Network Security,16W,3,TTh 3:00p-4:15p,Muhammad Fareed Zaffar
DISC 112 LEC 1,,Computer and Problem Solving,16W,4,MW 8:00a-9:15a,Humbal Tariq
DISC 112 LAB 1,,Computer and Problem Solving,16W,4,F 9:00a-11:50a,Humbal Tariq
DISC 203 LEC 1,,Probability and Statistics,16W,3,TTh 9:30a-10:45a,Ijaz Haider Naqvi
DISC 203 LEC 2,,Probability and Statistics,16W,3,TTh 11:00a-12:15p,Ijaz Haider Naqvi
DISC 203 LEC 3,,Probability and Statistics,16W,3,TTh 12:30p-1:45p,Ijaz Haider Naqvi
DISC 203 LEC 4,,Probability and Statistics,16W,3,MW 5:00p-6:15p,
DISC 203 LEC 5,,Probability and Statistics,16W,3,TTh 5:00p-6:15p,
DISC 212 LEC 1,,Introduction to Management Science,16W,3,MW 9:30a-10:45a,Kamran Rashid
DISC 212 LEC 2,,Introduction to Management Science,16W,3,MW 11:00a-12:15p,Kamran Rashid
DISC 212 LEC 3,,Introduction to Management Science,16W,3,TTh 8:00a-9:15a,
DISC 212 LEC 4,,Introduction to Management Science,16W,3,TTh 9:30a-10:45a,
DISC 212 LEC 5,,Introduction to Management Science,16W,3,TTh 11:00a-12:15p,
DISC 231 LEC 1,,Operations Management,16W,3,MW 2:00p-3:15p,Hassan Rauf Chaudhry
DISC 320 LEC 1,,Qualitative and Quantitative Methods in Business,16W,3,MW 3:30p-4:45p,
DISC 320 LEC 2,,Qualitative and Quantitative Methods in Business,16W,3,MW 5:00p-6:15p,
DISC 321 LEC 1,,Decision Analysis,16W,4,MW 9:00a-10:50a,Sheikh Attique Ur Rehman
DISC 321 LEC 2,,Decision Analysis,16W,4,MW 12:30p-2:20p,Sheikh Attique Ur Rehman
DISC 322 LEC 1,,Optimization Methods in Management Science,16W,3,MW 12:30p-1:45p,Kamran Rashid
DISC 322 LEC 2,,Optimization Methods in Management Science,16W,3,MW 2:00p-3:15p,Kamran Rashid
DISC 323 LEC 1,,Decision Behaviour,16W,3,TTh 2:00p-3:15p,Shoaib Amjad Hussain
DISC 323 LEC 2,,Decision Behaviour,16W,3,TTh 3:30p-4:45p,Shoaib Amjad Hussain
DISC 323 LEC 3,,Decision Behaviour,16W,3,TTh 12:30p-1:45p,Sheikh Attique Ur Rehman
DISC 327 LEC 1,,Risk Management Process,16W,3,TTh 5:00p-6:15p,Ahmed Majeed Khan
DISC 331 LEC 1,,Project Management,16W,3,MW 9:30a-10:45a,Zehra Waheed
DISC 333 LEC 1,,Supply Chain and Logistics Management,16W,3,TTh 5:00p-6:15p,Ahsan Umar
DISC 420 LEC 1,,Business Analytics,16W,3,TTh 12:30p-1:45p,Maheen Aamir Syed
DISC 420 LEC 2,,Business Analytics,16W,3,TTh 2:00p-3:15p,Maheen Aamir Syed
DISC 7005 LEC 1,,Applied Statistics,16W,3,Th 3:00p-6:00p,Ussama Yaqub
DISC 8402 SEM 1,,Seminar in Supply Chain Analysis,16W,3,F 2:00p-5:00p,Sheikh Attique Ur Rehman
DISC 8502 LEC 1,,"Seminar in Technology and Innovation
Management",16W,3,Th 12:30p-3:30p,Muhammad Adeel Zaffar
ECON 100 LEC 1,,Principles of Economics,16W,4,MW 9:30a-11:20a,Nadia Mukhtar Sayed
ECON 111 LEC 1,,Principles of Microeconomics,16W,4,TTh 4:00p-5:15p,Faisal Bari
ECON 111 LEC 2,,Principles of Microeconomics,16W,4,TTh 10:00a-11:15a,Faisal Bari
ECON 111 LEC 3,,Principles of Microeconomics,16W,4,TTh 12:30p-1:45p,Faisal Bari
ECON 111 RAC 1,,Principles of Microeconomics,16W,4,M 10:00a-10:50a,Ayesha Karim Malik
ECON 111 RAC 2,,Principles of Microeconomics,16W,4,M 11:00a-11:50a,Ayesha Karim Malik
ECON 111 RAC 3,,Principles of Microeconomics,16W,4,M 12:00p-12:50p,Ayesha Karim Malik
ECON 111 RAC 4,,Principles of Microeconomics,16W,4,W 11:00a-11:50a,Ayesha Karim Malik
ECON 111 RAC 5,,Principles of Microeconomics,16W,4,W 12:00p-12:50p,Ayesha Karim Malik
ECON 111 RAC 6,,Principles of Microeconomics,16W,4,W 10:00a-10:50a,Ayesha Karim Malik
ECON 111 RAC 7,,Principles of Microeconomics,16W,4,F 11:00a-11:50a,Ayesha Karim Malik
ECON 111 RAC 8,,Principles of Microeconomics,16W,4,F 9:00a-9:50a,Ayesha Karim Malik
ECON 111 RAC 9,,Principles of Microeconomics,16W,4,F 10:00a-10:50a,Ayesha Karim Malik
ECON 121 LEC 1,,Principles of Macroeconomics,16W,4,MW 12:00p-1:15p,Kashif Zaheer Malik
ECON 121 LEC 2,,Principles of Macroeconomics,16W,4,MW 10:30a-11:45a,Kashif Zaheer Malik
ECON 121 LEC 3,,Principles of Macroeconomics,16W,4,TTh 10:30a-11:45a,Sheraz Latif Malik
ECON 121 RAC 1,,Principles of Macroeconomics,16W,4,W 4:00p-4:50p,Anum Fatima
ECON 121 RAC 2,,Principles of Macroeconomics,16W,4,W 3:00p-3:50p,Anum Fatima
ECON 121 RAC 3,,Principles of Macroeconomics,16W,4,W 2:00p-2:50p,Anum Fatima
ECON 121 RAC 4,,Principles of Macroeconomics,16W,4,Th 2:00p-2:50p,Anum Fatima
ECON 121 RAC 5,,Principles of Macroeconomics,16W,4,Th 4:30p-5:20p,Anum Fatima
ECON 121 RAC 6,,Principles of Macroeconomics,16W,4,Th 3:00p-3:50p,Anum Fatima
ECON 121 RAC 7,,Principles of Macroeconomics,16W,4,F 10:00a-10:50a,
ECON 121 RAC 8,,Principles of Macroeconomics,16W,4,F 11:00a-11:50a,
ECON 121 RAC 9,,Principles of Macroeconomics,16W,4,W 9:00a-9:50a,
ECON 211 LEC 1,,Intermediate Microeconomics,16W,4,MW 10:00a-11:50a,Ayesha Ali
ECON 211 LEC 2,,Intermediate Microeconomics,16W,4,TTh 10:00a-11:50a,Ayesha Ali
ECON 221 LEC 1,,Intermediate Macroeconomics,16W,4,TTh 10:00a-11:50a,Daniyal Khan
ECON 221 LEC 2,,Intermediate Macroeconomics,16W,4,TTh 2:00p-3:50p,Daniyal Khan
ECON 230 LEC 1,,Statistics and Data Analysis,16W,4,TTh 12:00p-1:30p,Rabia Khan
ECON 230 LEC 2,,Statistics and Data Analysis,16W,4,MW 2:00p-3:30p,Usman Elahi
ECON 230 LEC 3,,Statistics and Data Analysis,16W,4,MW 11:00a-12:30p,Usman Elahi
ECON 230 LAB 1,,Statistics and Data Analysis,16W,4,T 2:00p-2:50p,Rimsha Arif
ECON 230 LAB 2,,Statistics and Data Analysis,16W,4,T 5:00p-5:50p,Rimsha Arif
ECON 230 LAB 3,,Statistics and Data Analysis,16W,4,Th 5:00p-5:50p,Eeman Shehzad Qureshi
ECON 230 LAB 4,,Statistics and Data Analysis,16W,4,T 3:00p-3:50p,Eeman Shehzad Qureshi
ECON 230 LAB 5,,Statistics and Data Analysis,16W,4,W 4:00p-4:50p,Eeman Shehzad Qureshi
ECON 230 LAB 6,,Statistics and Data Analysis,16W,4,Th 3:00p-3:50p,Eeman Shehzad Qureshi
ECON 233 LEC 1,MATH 232,Introduction to Game Theory,16W,4,MW 10:00a-11:50a,Lyyla Khalid
ECON 233 LEC 2,MATH 232,Introduction to Game Theory,16W,4,TTh 10:00a-11:50a,Lyyla Khalid
ECON 240 LEC 1,,Development Economics,16W,4,TTh 3:00p-4:50p,Nadia Mukhtar Sayed
ECON 247 LEC 1,,Sectors and Policy in Development,16W,4,MW 10:00a-11:50a,Hadia Majid
ECON 261 LEC 1,,Principles of Finance,16W,4,TTh 12:00p-1:50p,Sheraz Latif Malik
ECON 262 LEC 1,,Mathematical Applications in Economics,16W,4,MW 10:00a-11:50a,Mushtaq Ahmad Khan
ECON 323 LEC 1,,Economic History of South Asia,16W,4,TTh 12:00p-1:50p,Fahd Ali
ECON 330 LEC 1,,Econometrics,16W,4,MW 10:00a-11:30a,Farah Said
ECON 330 LEC 2,,Econometrics,16W,4,TTh 10:00a-11:30a,Muhammad Farooq Naseer
ECON 330 LAB 1,,Econometrics,16W,4,F 11:00a-11:50a,Rabia Khan
ECON 330 LAB 2,,Econometrics,16W,4,F 12:00p-12:50p,Rabia Khan
ECON 330 LAB 3,,Econometrics,16W,4,W 5:00p-5:50p,Yushma Umar
ECON 330 LAB 4,,Econometrics,16W,4,W 2:00p-2:50p,Yushma Umar
ECON 3402 LEC 1,,Gender Economics,16W,4,TTh 4:00p-5:50p,Hana Zahir
ECON 343 LEC 1,,Agriculture and Food Policy,16W,4,TTh 2:00p-3:50p,Abid Aman Burki
ECON 3603 LEC 1,,"Money and Monetary Policy: Applications to
Pakistan",16W,4,MW 10:00a-11:50a,
ECON 363 LEC 1,,Economics of Investment and Finance,16W,4,MW 9:30a-11:20a,Mohammad Usman Khan
ECON 4102 LEC 1,GSS 4112,Gender and the Labor Market,16W,4,TTh 10:00a-11:50a,Hadia Majid
ECON 427 LEC 1,,Computational Macroeconomics,16W,4,MW 10:00a-11:50a,Syed Zahid Ali
ECON 438 LEC 1,,Econometrics II,16W,4,MW 12:00p-1:50p,Adeel Tariq
ECON 441 LEC 1,,Development Economics Theory,16W,4,MW 3:00p-4:50p,Khalid Mir
ECON 4410 LEC 1,,Issues in Economic Policy,16W,4,MW 9:00a-10:50a,"Nazish Afraz
Ijaz Nabi"
ECON 449 LEC 1,,Philosophy and Economics,16W,4,MW 10:00a-11:50a,Khalid Mir
ECON 511 LEC 1,,Microeconomic Analysis,16W,4,MW 10:00a-11:50a,Osama Khan
ECON 531 LEC 1,,Econometrics and Research Methodology I,16W,4,TTh 10:00a-11:50a,Mushtaq Ahmad Khan
ECON 536 LEC 1,,Topics in Mathematical Method for Economists,16W,4,MW 3:00p-4:50p,Syed Zahid Ali
EDU 210 LEC 1,,Critical Debates in Education,16W,3,MW 8:00a-9:15a,Gulab Khan
EDU 218 LEC 1,,"Education and International Development -
Concepts, Theories, and Issues",16W,3,TTh 8:00a-9:15a,Farah Syed
EDU 223 LEC 1,,"Trauma-Informed Education Systems: Creating
Cultures of Support and Change",16W,3,MW 8:00a-9:15a,Fizza Suhail
EDU 272 LEC 1,,"Education, Schools and Violence",16W,3,TTh 8:00a-9:15a,
EDU 274 LEC 1,GSS 265,Gender Media and Education,16W,3,TTh 8:00a-9:15a,Hasham Nasir
EDU 3203 LEC 1,,"Designing Immersive Learning Experiences:
Student-Centered Instructional Skills Training",16W,3,TTh 9:30a-10:45a,
EDU 3207 LEC 1,,Socio Emotional Learning,16W,3,TTh 3:30p-4:45p,Mariam Haider
EDU 321 LEC 1,,"Inclusive Pedagogy: Rethinking teaching, learning
and assessment",16W,3,TTh 8:00a-9:15a,Fizza Suhail
EDU 325 LEC 1,,The (Instructional) Core and How to Work it,16W,3,MW 12:30p-1:45p,Mehreen Noon
EDU 353 LEC 1,,Education and Conflict,16W,3,TTh 12:00p-1:15p,Hasham Nasir
EDU 372 LEC 1,SOC 322,Mobile Lives: Im/migration and Education,16W,3,TTh 4:30p-5:45p,Daniyal Yousaf
EDU 412 LEC 1,ECON 406,Economics of Education,16W,3,MW 12:00p-1:15p,Jasir Shahbaz
EDU 422 LEC 1,,Behavior Analysis for Effective Teaching,16W,3,TTh 10:30a-11:45a,Aaishay Haque
EDU 510 SEM 1,,"Interdisciplinary Theoretical Perspectives on
Education",16W,3,F 2:00p-4:50p,"Aaishay Haque
Tayyaba Tamim"
EDU 512 SEM 1,,The Arts and Education,16W,3,M 3:00p-5:50p,Razia Iram Sadik
EDU 515 SEM 1,,"Education and Happiness: Combining learning with
hope and positivity",16W,3,F 8:00a-10:50a,Irfan Muzaffar
EDU 526 LEC 1,,"Enhancing Inclusion: Exploring Autism and
Intellectual Disability",16W,3,TTh 1:00p-2:15p,Mariam Haider
EDU 540 LEC 1,,Leadership: The Politics of Change,16W,3,TTh 8:00a-9:15a,Mariam Chughtai
EDU 560 SEM 1,,Research Methods,16W,3,F 8:00a-10:50a,"Soufia Anis Siddiqi
Ahmad Ayub"
EDU 590 FLD 1,,Observing Schools,16W,1,W 10:30a-4:20p,Hasham Nasir
EDU 643 LEC 1,,"Contemporary Management Concepts in
Educational Leadership",16W,3,MW 2:30p-3:45p,
EDU 690 SEM 1,,Practicum Proseminar,16W,3,F 8:00a-10:50a,Gulab Khan
EDU 690 SEM 2,,Practicum Proseminar,16W,3,F 2:00p-4:50p,Soufia Anis Siddiqi
EDU 693 LEC 1,,Academic Writing,16W,1,F 12:00p-12:50p,Sannia Hussain
EDUX 510 LEC 1,,"Interdisciplinary Theoretical Perspectives on
Education",EDUX(Alternate Sat-Sun),3,SSu 1:00p-2:50p,
EDUX 526 LEC 1,,Professional Learning in Education,EDUX(Alternate Sat-Sun),3,SSu 12:00p-1:50p,Jessica Albrent
EDUX 540 LEC 1,,Leadership: The Politics of Change,EDUX(Alternate Sat-Sun),3,SSu 4:00p-5:50p,"Jessica Albrent
Hasham Nasir"
EDUX 560 LEC 1,,Research Methods,EDUX(Alternate Sat-Sun),3,SSu 8:00a-9:50a,
EDUX 590 FLD 1,,Observing Schools,EDUX(Alternate Sat-Sun),1,Su 10:00a-11:30a,Hasham Nasir
EDUX 616 LEC 1,,"Arts-Based Research: Exploring Creative Practices
in Educational Inquiry",EDUX(Alternate Sat-Sun),3,SSu 3:00p-4:50p,Razia Iram Sadik
EDUX 662 LEC 1,,Impact Evaluation Methods in Education,EDUX(Alternate Sat-Sun),3,SSu 2:00p-3:50p,Farah Nadeem
EDUX 690 LEC 1,,Practicum Proseminar,EDUX(Alternate Sat-Sun),3,Su 8:00a-11:50a,Razia Iram Sadik
EDUX 690 LEC 2,,Practicum Proseminar,EDUX(Alternate Sat-Sun),3,S 8:00a-11:50a,Farah Nadeem
EDUX 693 LEC 1,,Academic Writing,EDUX(Alternate Sat-Sun),1,S 10:00a-11:30a,Sannia Hussain
EE 200 LAB 1,,Sophomore Design Studio,16W,1,W 1:30p-4:20p,Talha Manzoor
EE 203 LEC 1,,Engineering Models,16W,3,TTh 9:30a-10:45a,Hassan Mohy-ud-Din
EE 240 LEC 1,,Circuits I,16W,3,TTh 1:00p-2:15p,Zubair Khalid
EE 324 LEC 1,,Microcontroller and Interfacing,16W,2,MW 2:00p-2:50p,Muhammad Jahangir Ikram
EE 324L LAB 1,,Microcontroller and Interfacing Lab,16W,1,T 11:00a-1:50p,Muhammad Jahangir Ikram
EE 324L LAB 2,,Microcontroller and Interfacing Lab,16W,1,Th 3:00p-5:50p,Muhammad Jahangir Ikram
EE 330 LEC 1,PHY 305,Electromagnetic Fields and Waves,16W,3,MW 9:30a-10:45a,Muhammad Imran Cheema
EE 340 LEC 1,,Devices and Electronics,16W,3,MW 12:30p-1:45p,Nauman Ahmad Zaffar
EE 340L LAB 1,,Devices and Electronics Lab,16W,1,T 2:00p-4:50p,Nauman Ahmad Zaffar
EE 340L LAB 2,,Devices and Electronics Lab,16W,1,F 2:00p-4:50p,Nauman Ahmad Zaffar
EE 340L LAB 3,,Devices and Electronics Lab,16W,1,W 3:00p-5:50p,Nauman Ahmad Zaffar
EE 380 LEC 1,,Communication Systems,16W,3,MW 11:00a-12:15p,Ijaz Haider Naqvi
EE 380L LAB 1,,Communication Systems Lab,16W,1,F 2:00p-4:50p,"Ahsan Ikram
Ijaz Haider Naqvi"
EE 380L LAB 2,,Communication Systems Lab,16W,1,T 2:30p-5:20p,"Ahsan Ikram
Ijaz Haider Naqvi"
EE 380L LAB 3,,Communication Systems Lab,16W,1,F 10:00a-12:50p,Ijaz Haider Naqvi
EE 414 LEC 1,EE 517/CS 437/CS 5317,Deep Learning,16W,3,TTh 11:30a-12:45p,Hassan Mohy-ud-Din
EE 421 LEC 1,CS 425,Digital System Design,16W,3,MW 11:30a-12:45p,Shahid Masud
EE 421L LAB 1,CS 425L,Digital System Design Lab,16W,1,F 10:00a-12:50p,Shahid Masud
EE 452 LEC 1,EE 552,Power Electronics,16W,3,MW 1:30p-2:45p,Hafsa Qamar
EE 452L LAB 1,EE 552L,Power Electronics Lab,16W,1,T 11:30a-2:20p,Hafsa Qamar
EE 452L LAB 2,EE 552L,Power Electronics Lab,16W,1,W 10:30a-1:20p,Hafsa Qamar
EE 453 LEC 1,EE 559,Power Systems Protection and Stability,16W,3,MW 3:00p-4:15p,Raheel Zafar
EE 453L LAB 1,EE 559L,Power Systems Protection and Stability,16W,1,F 3:00p-5:50p,Raheel Zafar
EE 5102 LEC 1,,Advanced Topics in Machine Learning,16W,3,MW 4:30p-5:45p,Muhammad Tahir
EE 520 LEC 1,CS 622,Computer Architecture,16W,3,MW 4:30p-5:45p,Muhammad Adeel Ahmed Pasha
EE 5202 LEC 1,,VLSI Design for Artificial Intelligence,16W,3,MW 4:30p-5:45p,Muhammad Ali Siddiqi
EE 5203 LEC 1,,"Data Analysis, Design of Experiments and Physics
Informed ML",16W,3,TTh 9:30a-10:45a,Nauman Zafar Butt
EE 5216 LEC 1,CS 595,Hardware Design for IoT Security,16W,3,MW 10:00a-11:15a,Muhammad Ali Siddiqi
EE 5502 LEC 1,,Local Solutions for Energy Access,16W,3,MW 9:00a-10:15a,"Naveed Arshad
Nauman Ahmad Zaffar"
EE 555 LEC 1,,Renewable Energy Systems,16W,3,MW 4:30p-5:45p,Hassan Abbas Khan
EE 567 LEC 1,CS 6315,Multi-agent Systems,16W,3,TTh 9:30a-10:45a,Hassan Jaleel
EE 576 LEC 1,,Smart Grid: Technology and Applications,16W,3,TTh 4:30p-5:45p,Naveed Ul Hassan
EMBA 5013 LEC 1,,"Understanding Financial Accounting: Making More
Authoritative Decisions",M01,1,SSu 8:30a-10:35a,Asad Alam
EMBA 5013 LEC 2,,"Understanding Financial Accounting: Making More
Authoritative Decisions",M01,1,SSu 10:55a-1:00p,Asad Alam
EMBA 5022 LEC 1,,Corporate Finance,M04,1,SSu 10:55a-1:00p,Syed Mubashir Ali
EMBA 5022 LEC 2,,Corporate Finance,M04,1,SSu 2:00p-4:05p,Syed Mubashir Ali
EMBA 5041 LEC 1,,Marketing Management,M01,1,SSu 2:00p-4:05p,Ehsan Ul Haque
EMBA 5041 LEC 2,,Marketing Management,M01,1,SSu 8:30a-10:35a,Ehsan Ul Haque
EMBA 5063 LEC 1,,Problem Solving and Decision Making,M01,1,SSu 10:55a-1:00p,Jamshed Hasan Khan
EMBA 5063 LEC 2,,Problem Solving and Decision Making,M01,1,SSu 2:00p-4:05p,Jamshed Hasan Khan
EMBA 5211 LEC 1,,Business Law,M04,1,SSu 8:30a-10:35a,Faiza Ali
EMBA 5211 LEC 2,,Business Law,M04,1,SSu 10:55a-1:00p,Faiza Ali
EMBA 6071 LEC 1,,Venture Creation,M04,1,SSu 2:00p-4:05p,Mansoor Nawaz
EMBA 6071 LEC 2,,Venture Creation,M04,1,SSu 8:30a-10:35a,Mansoor Nawaz
ENGG 100 LAB 1,,Design and Measurement Lab,16W,2,W 9:00a-1:50p,Qasim Imtiaz
ENGG 100 LAB 2,,Design and Measurement Lab,16W,2,Th 9:00a-1:50p,"Muhammad Umar Hassan
Ammar Ahmed Khan"
ENGG 100 LAB 3,,Design and Measurement Lab,16W,2,T 9:00a-1:50p,"Muhammad Umar Hassan
Ammar Ahmed Khan"
ENGG 100 LAB 4,,Design and Measurement Lab,16W,2,M 9:00a-1:50p,Zubair Khalid
ENGG 100 LAB 5,,Design and Measurement Lab,16W,2,Th 1:30p-6:20p,Muhammad Tahir
ENGG 100 LEC 1,,Design and Measurement Lab,16W,2,W 8:00a-8:50a,Qasim Imtiaz
ENGG 100 LEC 2,,Design and Measurement Lab,16W,2,Th 8:00a-8:50a,"Muhammad Umar Hassan
Ammar Ahmed Khan"
ENGG 100 LEC 3,,Design and Measurement Lab,16W,2,T 8:00a-8:50a,"Muhammad Umar Hassan
Ammar Ahmed Khan"
ENGG 100 LEC 4,,Design and Measurement Lab,16W,2,M 8:00a-8:50a,Zubair Khalid
ENGG 100 LEC 5,,Design and Measurement Lab,16W,2,Th 12:30p-1:20p,Muhammad Tahir
ENGL 1000 LEC 1,,Introduction to Literature in English,16W,4,TTh 2:00p-3:50p,Tom Edward Sewel
ENGL 1102 LEC 1,,Writing South Asia,16W,4,TTh 4:30p-6:20p,Younis Bin Azeem
ENGL 1192 LEC 1,,Introduction to Humour Writing,16W,4,MW 2:00p-3:50p,Younis Bin Azeem
ENGL 2402 LEC 1,,Comics Scholarship and Graphic Narrative,16W,4,MW 8:00a-9:50a,Tom Edward Sewel
ENGL 2811 LEC 1,GSS 262,"Rethinking the Politics of Harem in Literature:
Women, Islam, and Gendered Spaces",16W,4,MW 12:00p-1:50p,Sadia Zulfiqar
ENGL 2991 LEC 1,,"Text and Tech: Digital Approaches to the
Humanities",16W,4,TTh 8:00a-9:50a,
ENGL 3172 LEC 1,GSS 362,"'The Empire Writes Back’: Diaspora Fiction in
Europe",16W,4,MW 8:00a-9:50a,Farah Hasan Ali
ENGL 3812 LEC 1,GSS 363,African Literature: Women Writing Back,16W,4,MW 12:00p-1:50p,Furrukh A. Khan
ENV 102 LEC 1,,Introduction to Environmental Studies,16W,4,TTh 10:00a-11:50a,Maryam Ibrahim
ENV 132 LEC 1,SOC 122,Disasters,16W,4,TTh 2:00p-3:50p,Sana Khosa
ENV 210 LEC 1,,Methods in Environmental Studies,16W,4,MW 12:00p-1:50p,
ENV 342 LEC 1,SOC 324,Environmentalism and Development,16W,4,MW 3:00p-4:50p,Maryam Ibrahim
FINN 100 LEC 1,,Principles of Finance,16W,3,MW 9:30a-10:45a,Salman Khan
FINN 200 LEC 1,,Intermediate Finance,16W,3,MW 11:00a-12:15p,Bushra Naqvi
FINN 200 LEC 2,,Intermediate Finance,16W,3,MW 8:00a-9:15a,Syed Hashim Mahmood Ali
FINN 200 LEC 3,,Intermediate Finance,16W,3,MW 9:30a-10:45a,Syed Hashim Mahmood Ali
FINN 243 LEC 1,,"Fintech Revolution: Market Disruption and
Emerging Opportunities",16W,3,TTh 5:00p-6:15p,Syed Hashim Mahmood Ali
FINN 372 LEC 1,,Actuarial Sciences and Insurance,16W,3,TTh 12:30p-1:45p,Nauman Afzal Cheema
FINN 373 LEC 1,,Fundamentals of Actuarial Mathematics I,16W,3,TTh 5:00p-6:15p,
FINN 400 LEC 1,,Applied Corporate Finance,16W,3,TTh 2:00p-3:15p,Saad Azmat
FINN 403 LEC 1,,Financial Modelling,16W,3,TTh 11:00a-12:15p,Talha Farrukh
FINN 441 LEC 1,,Islamic Banking and Finance,16W,3,TTh 3:30p-4:45p,Saad Azmat
FINN 454 LEC 1,,Portfolio Management,16W,3,MW 11:00a-12:15p,Syed Kumail Abbas Rizvi
FINN 7201 LEC 1,,Mathematical Modeling,16W,3,W 9:30a-12:30p,
FINN 8001 SEM 1,,Seminar in Islamic and Corporate Finance,16W,3,Th 10:30a-1:30p,Saad Azmat
FINN 8401 SEM 1,,"Seminar in Financial Intermediation and
Regualatory Framework",16W,3,T 12:30p-3:30p,Bushra Naqvi
FMG 5101 LEC 1,,Financial Statement Analysis and Value Creation,MS1,3,FSSu 10:45a-12:45p,Syed Kumail Abbas Rizvi
GSL 102 SEM 1,,Chinese Language for Beginners (HSK Level 1),16W,4,TTh 2:00p-3:50p,Hui Qi
GSL 102 SEM 2,,Chinese Language for Beginners (HSK Level 1),16W,4,TTh 4:00p-5:50p,Sikandar Ahmed Shah
GSL 202 LEC 1,,Writing from the Trial,16W,4,MW 11:00a-12:50p,Sarah Humayun
GSS 264 LEC 1,,"Master Narratives: Minding Gender and Media
Gaps",16W,4,TTh 12:00p-1:50p,Maria Amir
GSS 302 LEC 1,SOC 363/POL 367,Feminist Theory,16W,4,TTh 4:00p-5:50p,Maria Amir
HIST 122 LEC 1,,East Asian History,16W,4,TTh 11:00a-12:50p,Hassan Haider Karrar
HIST 124 LEC 1,,The World Since 1453,16W,4,MW 4:00p-5:50p,Ameem Lutfi
HIST 2203 LEC 1,POL 267,Making of Modern Afghanistan,16W,4,MW 4:00p-5:50p,Jahanzeb Baloch
HIST 2322 LEC 1,,A Brief history of Evil,16W,4,TTh 11:00a-12:50p,Muhammad Ali Raza
HIST 2324 LEC 1,SOC 239,"Conceptual Understanding of Borders and
Borderlands Studies",16W,4,MW 2:00p-3:50p,Ilyas Ahmad Chattha
HIST 314 LEC 1,,19th Century Sikh Wall Paintings in Punjab,16W,4,MW 2:00p-3:50p,Nadhra Shahbaz Naeem Khan
HIST 3202 LEC 1,,Civil War in the 20th Century,16W,4,TTh 2:00p-3:50p,Ilyas Ahmad Chattha
HIST 329 LEC 1,,The Cold War,16W,4,TTh 1:30p-3:20p,Hassan Haider Karrar
HIST 3310 LEC 1,POL 334,"The Atomic Age: Control, Confrontation, Disaster",16W,4,MW 12:00p-1:50p,Waqar Zaidi
HIST 427 LEC 1,,"Walking in the City: Mapping Everyday Life in
Lahore",16W,4,WF 4:00p-5:50p,Ali Usman Qasmi
HMI 6202 LEC 1,,Healthcare Operations Management,MS1,3,FSSu 8:30a-10:30a,Hassan Rauf Chaudhry
LANG 1202 LEC 1,,Arabic for Quran,16W,4,WF 2:30p-4:20p,Hafiz Abdul Qadeer
LANG 122 LEC 1,,Introduction to Balochi Language,16W,4,TTh 10:00a-11:50a,Jahanzeb Baloch
LANG 123 LEC 1,,Introduction to Punjabi Language,16W,4,TTh 4:00p-5:50p,Zahid Hussain
LANG 124 LEC 1,,Introduction to Arabic Language,16W,4,WF 4:30p-6:20p,Hafiz Abdul Qadeer
LANG 127 LEC 1,,Introduction to Persian Language,16W,4,TTh 12:00p-1:50p,Muhammad Iftikhar
LANG 128 LEC 1,,Sindhi for Non-Sindhi Speakers,16W,4,MW 4:00p-5:50p,Ashok Kumar Khatri
LANG 129 LEC 1,,Pashto for Non-Native Speakers,16W,4,MW 10:00a-11:50a,Imad .
LANG 2203 LEC 1,,Pashto: Intermediate Proficiency,16W,4,TTh 10:00a-11:50a,Imad .
LANG 2204 LEC 1,,The Art of Reading and Writing Punjabi,16W,4,MW 4:00p-5:50p,Zahid Hussain
LANG 2205 LEC 1,,Sindhi: Intermediate Proficiency,16W,4,TTh 4:00p-5:50p,Ashok Kumar Khatri
LANG 2206 LEC 1,,"Contemporary Persian for Social and Professional
Use",16W,4,TTh 2:30p-4:20p,Muhammad Iftikhar
LANG 2207 LEC 1,,Enhancing Urdu Reading and Writing Skills,16W,4,TTh 2:00p-3:50p,
LAW 102 LEC 1,,Introduction to Pakistan Legal System,16W,4,TTh 4:00p-5:50p,Summaiya Zaidi
LAW 102 LEC 2,,Introduction to Pakistan Legal System,16W,4,MW 2:00p-3:50p,Marva Khan
LAW 102 LEC 3,,Introduction to Pakistan Legal System,16W,4,MW 4:00p-5:50p,
LAW 220 LEC 1,,Contracts,16W,4,TTh 1:00p-2:50p,Sheharyar Sikander Hamid
LAW 220 LEC 2,,Contracts,16W,4,MW 11:30a-1:20p,Syeda Zehra Zaidi
LAW 222 LEC 1,,Torts,16W,4,MW 2:00p-3:50p,Syeda Zehra Zaidi
LAW 222 LEC 2,,Torts,16W,4,MW 3:30p-5:20p,Ahmed Hasan Khan
LAW 240 LEC 1,,Criminal Law,16W,4,MW 10:00a-11:50a,Angbeen Atif Mirza
LAW 240 LEC 2,,Criminal Law,16W,4,TTh 4:30p-6:20p,Hammad Saeed
LAW 280 LEC 1,,"Legal Practice I: Legal Writing and Research
Methods",16W,4,TTh 2:00p-3:50p,Adnan Sattar
LAW 280 LEC 2,,"Legal Practice I: Legal Writing and Research
Methods",16W,4,TTh 4:00p-5:50p,Maria Farooq
LAW 303 LEC 1,,Advanced Writing from the Trial,16W,4,TTh 12:00p-1:50p,Sarah Humayun
LAW 306 LEC 1,,"International Relations and International Law:
Chinese Perspectives",16W,4,MW 12:00p-1:50p,Syed Hassan Raza
LAW 3203 LEC 1,,"Introduction to Legal Aspects of Merger and
Acquisition law in Pakistan",16W,4,MW 8:00a-9:50a,Ali Awais
LAW 338 LEC 1,,"Constitutional and Legal System of the United
Kingdom",16W,4,WF 12:00p-1:50p,
LAW 352 LEC 1,,Public International Law,16W,4,MW 10:00a-11:50a,Sikandar Ahmed Shah
LAW 352 LEC 2,,Public International Law,16W,4,MW 2:00p-3:50p,Madiha Talat
LAW 353 LEC 1,,Human Rights,16W,4,TTh 4:00p-5:50p,Adnan Sattar
LAW 426 LEC 1,,Marxist Theories of Law,16W,4,TTh 12:00p-1:50p,Aisha Ahmad
LAW 427 LEC 1,,"Crime, Law and Finance: Wonders of White Color
Crime in Pakistan!",16W,4,MW 12:00p-1:50p,Faiza .
LAW 4304 LEC 1,,Parliamentary Power Play,16W,4,MW 10:00a-11:50a,Marva Khan
LAW 4305 SEM 1,,The Jurisprudence of Extractivism,16W,4,TTh 4:00p-5:50p,Asad Farooq
LAW 4306 LEC 1,,"Judicial Review Of Public Actions: Writ Jurisdiction
In Pakistan",16W,4,WF 8:00a-9:50a,Zaki Rahman
LAW 4505 SEM 1,,"Business and Human Rights: A Critical Legal
Perspective from the South",16W,4,TTh 12:00p-1:50p,Muhammad Azeem
LAW 471 LEC 1,,Civil Procedure,16W,4,WF 3:00p-4:50p,Muhammad Umar Ali
LAW 471 LEC 2,,Civil Procedure,16W,4,WF 4:00p-5:50p,Fahad Malik
LAW 472 LEC 1,,Criminal Procedure,16W,4,WF 4:00p-5:50p,Haider Rasul Mirza
LAW 4812 LEC 1,,Legal Practice II: Legal Instruments,16W,4,TTh 4:00p-5:50p,Muhammad Umar Ali
LAW 4812 LEC 2,,Legal Practice II: Legal Instruments,16W,4,TTh 2:00p-3:50p,Summaiya Zaidi
LAW 4812 LEC 3,,Legal Practice II: Legal Instruments,16W,4,TTh 4:00p-5:50p,
LAW 486 LEC 1,,Advanced Legal Research,16W,4,TTh 8:00a-9:50a,
LAW 4924 LEC 1,,Prison Paralegal Clinic,16W,4,TTh 10:00a-11:50a,Angbeen Atif Mirza
MATH 100 LEC 1,,Pre-Calculus,16W,3,MW 12:30p-1:45p,
MATH 100 LEC 2,,Pre-Calculus,16W,3,TTh 8:00a-9:15a,
MATH 101 LEC 1,,Calculus I,16W,3,MW 12:30p-1:45p,Haniya Azam
MATH 101 LEC 2,,Calculus I,16W,3,TTh 8:00a-9:15a,
MATH 101 LEC 3,,Calculus I,16W,3,MW 2:00p-3:15p,
MATH 101 LEC 4,,Calculus I,16W,3,TTh 10:30a-11:45a,
MATH 101 LEC 5,,Calculus I,16W,3,MW 5:00p-6:15p,
MATH 101 LEC 6,,Calculus I,16W,3,MW 3:30p-4:45p,
MATH 101H LEC 1,,Calculus I (Honours),16W,3,TTh 10:30a-11:45a,Waqas Ali Azhar
MATH 102 LEC 1,,Calculus II,16W,3,MW 4:30p-5:45p,
MATH 102 LEC 2,,Calculus II,16W,3,TTh 11:30a-12:45p,Masood Hussain Shah
MATH 120 LEC 1,,Linear Algebra with Differential Equations,16W,3,MW 5:00p-6:15p,Imran Naeem
MATH 120 LEC 2,,Linear Algebra with Differential Equations,16W,3,TTh 8:00a-9:15a,
MATH 204 LEC 1,,Introduction to Formal Mathematics,16W,3,MW 1:30p-2:45p,Shaheen Nazir
MATH 210 LEC 1,,Introduction to Differential Equations,16W,3,TTh 5:00p-6:15p,Ali Ashher Zaidi
MATH 222 LEC 1,,Linear Algebra II,16W,3,TTh 12:30p-1:45p,Haniya Azam
MATH 230 LEC 1,,Probability,16W,3,MW 11:30a-12:45p,Reza Abdolmaleki
MATH 300 LEC 1,,Complex Variables,16W,3,MW 5:00p-6:15p,Shaheen Nazir
MATH 309 LEC 1,,Introduction to Analysis II,16W,3,MW 3:00p-4:15p,Waqas Ali Azhar
MATH 341 LEC 1,MATH 547,Operations Research I,16W,3,MW 8:00a-9:15a,Kamran Rashid
MATH 414 LEC 1,MATH 514/PHY 519,Symmetry Methods for Differential Equations,16W,3,MW 11:30a-12:45p,Imran Naeem
MATH 4418 LEC 1,MATH 543,Numerical Linear Algebra,16W,3,MW 1:00p-2:15p,Reza Abdolmaleki
MATH 521 LEC 1,,Advanced Algebra,16W,3,TTh 10:00a-11:15a,Imran Anwar
MATH 5300 LEC 1,,Probability and Statistical Analysis,16W,3,TTh 1:00p-2:15p,Sultan Sial
MECO 111 LEC 1,,Principles of Microeconomics,16W,3,MW 2:00p-3:15p,Sameen Zafar
MECO 111 LEC 2,,Principles of Microeconomics,16W,3,MW 3:30p-4:45p,Sameen Zafar
MECO 111 LEC 3,,Principles of Microeconomics,16W,3,TTh 9:30a-10:45a,Ummad Mazhar
MECO 111 LEC 4,,Principles of Microeconomics,16W,3,TTh 11:00a-12:15p,Ummad Mazhar
MECO 111 LEC 5,,Principles of Microeconomics,16W,3,TTh 2:00p-3:15p,Rabia Khan
MECO 111 LEC 6,,Principles of Microeconomics,16W,3,MW 3:30p-4:45p,
MECO 111 LEC 7,,Principles of Microeconomics,16W,3,MW 5:00p-6:15p,
MECO 2201 LEC 1,,Introduction to Business Economics,SDSB-Foundation,1.5,MThFSSu 4:30p-6:40p,Ummad Mazhar
MECO 2201 LEC 2,,Introduction to Business Economics,SDSB-Foundation,1.5,MThFSSu 8:30a-10:40a,
MECO 5201 LEC 1,,Business Economics,MS1,1.5,FSSu 8:30a-10:30a,Ummad Mazhar
MECO 5201 LEC 2,,Business Economics,MS1,1.5,FSSu 4:15p-6:15p,Misbah Tanveer Chaudhry
MECO 5201 LEC 3,,Business Economics,MS1,1.5,FSSu 10:45a-12:45p,Misbah Tanveer Chaudhry
MECO 7301 LEC 1,,Economic Theory,16W,3,T 3:00p-6:00p,Misbah Tanveer Chaudhry
MGMT 142 LEC 1,,Principles of Management,16W,3,TTh 2:00p-3:15p,Mujeeb Rashid
MGMT 142 LEC 2,,Principles of Management,16W,3,TTh 9:30a-10:45a,Fareed Ud Din Farooq Qureshi
MGMT 142 LEC 3,,Principles of Management,16W,3,TTh 11:00a-12:15p,Fareed Ud Din Farooq Qureshi
MGMT 142 LEC 4,,Principles of Management,16W,3,TTh 9:30a-10:45a,Afaf Khalid
MGMT 142 LEC 5,,Principles of Management,16W,3,MW 11:00a-12:15p,Mohsin Bashir
MGMT 142 LEC 6,,Principles of Management,16W,3,MW 2:00p-3:15p,
MGMT 142 LEC 7,,Principles of Management,16W,3,TTh 2:00p-3:15p,
MGMT 212 LEC 1,,Business Communication,16W,3,TTh 11:00a-12:15p,Aneka Fahima Sufi
MGMT 212 LEC 2,,Business Communication,16W,3,TTh 2:00p-3:15p,Aneka Fahima Sufi
MGMT 212 LEC 3,,Business Communication,16W,3,TTh 9:30a-10:45a,Mehr Farhan Cheema
MGMT 212 LEC 4,,Business Communication,16W,3,MW 11:00a-12:15p,Shezeen Salim Hemani
MGMT 212 LEC 5,,Business Communication,16W,3,MW 12:30p-1:45p,Shezeen Salim Hemani
MGMT 242 LEC 1,,Business Ethics and Corporate Social Responsibility,16W,3,TTh 11:00a-12:15p,Razi Allah Lone
MGMT 242 LEC 2,,Business Ethics and Corporate Social Responsibility,16W,3,TTh 2:00p-3:15p,Razi Allah Lone
MGMT 242 LEC 3,,Business Ethics and Corporate Social Responsibility,16W,3,TTh 3:30p-4:45p,Razi Allah Lone
MGMT 243 LEC 1,,Public Administration,16W,3,TTh 11:00a-12:15p,Mohsin Bashir
MGMT 247 LEC 1,,Public Financial Management,16W,3,TTh 3:30p-4:45p,Sajid Siddique
MGMT 252 LEC 1,,Logic and Critical Thinking,16W,3,MW 2:00p-3:15p,Muhammad Shabbir Ahsen
MGMT 260 LEC 1,,Business Law,16W,3,MW 8:00a-9:15a,Ali Sultan
MGMT 260 LEC 2,,Business Law,16W,3,MW 9:30a-10:45a,Ali Sultan
MGMT 260 LEC 3,,Business Law,16W,3,MW 11:00a-12:15p,Ali Sultan
MGMT 2601 LEC 1,,Introduction to Management,SDSB-Foundation,1.5,MThFSSu 11:00a-1:10p,Faiza Ali
MGMT 2601 LEC 2,,Introduction to Management,SDSB-Foundation,1.5,MThFSSu 2:00p-4:10p,
MGMT 261 LEC 1,,Introduction to Policy Analysis,16W,3,TTh 9:30a-10:45a,Ghazal Mir Zulfiqar
MGMT 262 LEC 1,,Governance System of Pakistan,16W,3,MW 5:00p-6:15p,
MGMT 263 LEC 1,,Contemporary Social Policy Issues in Pakistan,16W,3,TTh 12:30p-1:45p,Muhammad Ahsan Rana
MGMT 283 LEC 1,,Fundamentals of Hospitality Management,16W,3,MW 12:30p-1:45p,Shireen Waheed
MGMT 343 LEC 1,CS 363,E-Government,16W,3,TTh 9:30a-10:45a,Shafay Shamail
MGMT 348 LEC 1,,Internet Governance and Technology Policy,16W,3,MW 5:00p-6:15p,
MGMT 386 LEC 1,,"Business, Government, and Society",16W,3,TTh 2:00p-3:15p,Ghazal Mir Zulfiqar
MGMT 400 LEC 1,,Strategic Business Management,16W,3,TTh 3:30p-4:45p,Adnan Zahid
MGMT 400 LEC 2,,Strategic Business Management,16W,3,MW 3:30p-4:45p,Adnan Zahid
MGMT 400 LEC 3,,Strategic Business Management,16W,3,TTh 9:30a-10:45a,Salma Zaman
MGMT 481 LEC 1,,Entrepreneurship,16W,3,TTh 5:00p-6:15p,Sahar Arif
MGMT 7501 LEC 1,,Philosophy of Administrative Sciences,10-WKS,2,W 2:30p-5:30p,Anjum Fayyaz
MGMT 8102 LEC 1,,Seminar in Strategic Management,16W,3,W 9:00a-12:00p,Salma Zaman
MKTG 201 LEC 1,,Principles of Marketing,16W,3,TTh 12:30p-1:45p,Muhammad Asim
MKTG 201 LEC 2,,Principles of Marketing,16W,3,TTh 9:30a-10:45a,Mahira Ilyas
MKTG 201 LEC 3,,Principles of Marketing,16W,3,TTh 11:00a-12:15p,Mahira Ilyas
MKTG 201 LEC 4,,Principles of Marketing,16W,3,MW 3:30p-4:45p,Khudejah Iqbal Ali
MKTG 2401 LEC 1,,Introduction to Marketing,SDSB-Foundation,1.5,MThFSSu 8:30a-10:40a,Saima Mujtaba Rana
MKTG 2401 LEC 2,,Introduction to Marketing,SDSB-Foundation,1.5,MThFSSu 4:30p-6:40p,
MKTG 302 LEC 1,,Using New Media Technologies in Marketing,16W,3,TTh 3:30p-4:45p,
MKTG 324 LEC 1,,Integrated Marketing Communications,16W,3,MW 3:30p-4:45p,
MKTG 332 LEC 1,,Consumer Behaviour,16W,3,TTh 9:30a-10:45a,Saima Mujtaba Rana
MKTG 343 LEC 1,,Marketing Models,16W,3,TTh 3:30p-4:45p,Muhammad Asim
MKTG 345 LEC 1,,Data Analytics for New Product Development,16W,3,MW 3:30p-4:45p,Muhammad Asim
MKTG 392 LEC 1,,Brand Management,16W,3,MW 2:00p-3:15p,Moeen Naseer Butt
MKTG 5401 LEC 1,,Marketing Management,MS1,3,FSSu 10:45a-12:45p,Usman Iqbal Bhatty
MKTG 5401 LEC 2,,Marketing Management,MS1,3,FSSu 8:30a-10:30a,Aaminah Zaman Malik
MKTG 5401 LEC 3,,Marketing Management,MS1,3,FSSu 4:15p-6:15p,Aaminah Zaman Malik
ORSC 201 LEC 1,,Organizational Behaviour,16W,3,MW 9:30a-10:45a,Faiza Ali
ORSC 201 LEC 2,,Organizational Behaviour,16W,3,MW 11:00a-12:15p,Faiza Ali
ORSC 201 LEC 3,,Organizational Behaviour,16W,3,TTh 11:00a-12:15p,Ghulam Ali Arain
ORSC 201 LEC 4,,Organizational Behaviour,16W,3,TTh 12:30p-1:45p,Ghulam Ali Arain
ORSC 7302 LEC 1,,Applications of Psychology in Management,16W,3,T 9:30a-12:30p,Jawad Sarwar Naqvi Syed
ORSC 8402 LEC 1,,Seminar in Human Resource Management,16W,3,Th 9:30a-12:30p,Muhammad Abdur Rahman Malik
PHIL 132 LEC 1,,Introduction to Logic,16W,4,TTh 8:00a-9:50a,Muhammad Shabbir Ahsen
PHIL 203 LEC 1,,Introduction to Philosophy II,16W,4,TTh 12:00p-1:50p,Syed Sikander Gilani
PHIL 204 LEC 1,,Contemporary Moral Problems,16W,4,MW 4:30p-6:20p,Syed Sikander Gilani
PHY 101 LEC 1,,Mechanics,16W,4,MW 2:00p-3:15p,Adam Zaman Chaudhry
PHY 101 LEC 2,,Mechanics,16W,4,TTh 2:30p-3:45p,Adam Zaman Chaudhry
PHY 101 RAC 1,,Mechanics,16W,4,F 9:00a-9:50a,Adam Zaman Chaudhry
PHY 101 RAC 2,,Mechanics,16W,4,M 8:00a-8:50a,Adam Zaman Chaudhry
PHY 101 RAC 3,,Mechanics,16W,4,F 8:00a-8:50a,Adam Zaman Chaudhry
PHY 101 RAC 4,,Mechanics,16W,4,M 9:00a-9:50a,Adam Zaman Chaudhry
PHY 101 RAC 5,,Mechanics,16W,4,F 4:00p-4:50p,Adam Zaman Chaudhry
PHY 101 RAC 6,,Mechanics,16W,4,F 2:00p-2:50p,Adam Zaman Chaudhry
PHY 101 RAC 7,,Mechanics,16W,4,F 3:00p-3:50p,Adam Zaman Chaudhry
PHY 101 RAC 8,,Mechanics,16W,4,F 5:00p-5:50p,Adam Zaman Chaudhry
PHY 204 LEC 1,,Electricity and Magnetism,16W,3,TTh 4:30p-5:45p,Rizwan Khalid
PHY 212 LEC 1,,Quantum Mechanics I,16W,3,MW 4:30p-5:45p,Syed Moeez Hassan
PHY 223 LEC 1,,"Mathematical Methods in Physics and Engineering
I",16W,3,MW 8:00a-9:15a,Ammar Ahmed Khan
PHY 300 LAB 1,PHY 500,Experimental Physics Lab II,16W,3,W 9:00a-5:50p,Muhammad Hamza Humayun
PHY 301 LEC 1,,Classical Mechanics,16W,3,TTh 12:00p-1:15p,Tajdar Mufti
PHY 313 LEC 1,PHY 510,Statistical Mechanics,16W,4,TTh 8:00a-9:50a,
PHY 316 LEC 1,PHY 5116/BIO 438,Introduction to Computational Neuroscience,16W,3,TTh 8:00a-9:15a,
PHY 404 LEC 1,PHY 504,Relativistic Electrodynamics,16W,3,TTh 1:30p-2:45p,Syed Moeez Hassan
PHY 501 LAB 1,EE 502,Electrodynamics,16W,3,M 9:30a-12:20p,Rizwan Khalid
PHY 501 LEC 1,EE 502,Electrodynamics,16W,3,TTh 10:00a-10:50a,Rizwan Khalid
PHY 5114 LEC 1,,Quantum Algorithms,16W,3,TTh 9:30a-10:45a,Muhammad Faryad
PHY 512 LEC 1,,Advanced Quantum Mechanics,16W,3,TTh 11:00a-12:15p,Muhammad Faryad
PHY 633 LEC 1,,Magnetism: Theory and Experiment,16W,3,TTh 3:30p-4:45p,Muhammad Sabieh Anwar
POL 100 LEC 1,,Introduction to Political Science,16W,4,TTh 10:00a-11:50a,Rida Ashfaq
POL 100 LEC 2,,Introduction to Political Science,16W,4,TTh 2:00p-3:50p,Rida Ashfaq
POL 100 LEC 3,,Introduction to Political Science,16W,4,MW 10:00a-11:50a,
POL 132 LEC 1,,Introduction to Politics in Developing Countries,16W,4,MW 2:00p-3:50p,
POL 203 LEC 1,,Introduction to Political Theory,16W,4,MW 4:00p-5:50p,Adeel Hamza
POL 203 LEC 2,,Introduction to Political Theory,16W,4,TTh 4:00p-5:50p,Muhammad Shabbir Ahsen
POL 2214 LEC 1,,"Decolonizing Democracy: Lessons from the Global
South",16W,4,TTh 12:00p-1:50p,Farhat Haq
POL 266 LEC 1,,Women and Political Theory,16W,4,TTh 4:00p-5:50p,Adeel Hamza
POL 3113 LEC 1,,Political Islam: Ideology and Politics,16W,4,MW 4:00p-5:50p,Taimur Rahman
POL 320 LEC 1,,Comparative Politics,16W,4,TTh 10:00a-11:50a,Asma ul-Husna Faiz
POL 320 LEC 2,,Comparative Politics,16W,4,TTh 2:00p-3:50p,Asma ul-Husna Faiz
POL 3202 LEC 1,,Qualitative Research Methods in Political Science,16W,4,MW 2:00p-3:50p,Hafiz Muhammad Salman Rafi
POL 324 LEC 1,,Marxism and the Modern World,16W,4,TTh 4:00p-5:50p,Taimur Rahman
POL 3302 LEC 1,,Theories of IR,16W,4,TTh 12:00p-1:50p,Syed Rashid Munir
POL 366 LEC 1,,Terrorism as Political Action,16W,4,TTh 2:00p-3:50p,Syed Rashid Munir
POL 4112 LEC 1,,Political Leadership,16W,4,MW 2:00p-3:50p,Mohammad Waseem
POL 412 LEC 1,,Diplomacy in International Relations,16W,4,TTh 10:00a-11:50a,Shahid Malik
PSY 100 LEC 1,,Introduction to Psychology and Human Behavior,16W,4,TTh 4:00p-5:50p,Yasser Hashmi
PSY 100 LEC 2,,Introduction to Psychology and Human Behavior,16W,4,TTh 4:00p-5:50p,Natasha Sohail Barlas
PSY 100 LEC 3,,Introduction to Psychology and Human Behavior,16W,4,MW 2:00p-3:50p,Arman Ashraf
PSY 212 LEC 1,,Theories of Learning,16W,4,MW 12:00p-1:50p,Imran Rashid
PSY 214 LEC 1,,Perception,16W,4,MW 4:00p-5:50p,Yasser Hashmi
PSY 220 LEC 1,,Psychopathology,16W,4,MW 2:00p-3:50p,Tahira Haider
PSY 300 LEC 1,,Social Psychology,16W,4,TTh 12:00p-1:50p,Imran Rashid
PSY 321 LEC 1,,Life Span Development,16W,4,TTh 2:00p-3:50p,Natasha Sohail Barlas
REL 200 LEC 1,,What is Religion,16W,4,MW 2:00p-3:50p,Essam Fahim
REL 224 LEC 1,,"Introduction to Quranic and Modern Standard
Arabic",16W,4,TTh 4:00p-5:50p,Asif Iftikhar
REL 235 LEC 1,,"Religion, Conflict, and Peace Building",16W,4,MW 2:00p-3:50p,Aurangzeb Haneef
REL 314 LEC 1,HIST 336,Islamic Historiography: An Introduction,16W,4,MW 10:00a-11:50a,Baqar Hassan Syed
REL 315 LEC 1,,Religion and Existentialism,16W,4,TTh 2:00p-3:50p,Mian Muhammad Nauman Faizi
REL 332 LEC 1,,"What is ""Islamic"" history?",16W,4,MW 10:00a-11:50a,Irfan Moeen Khan
REL 334 LEC 1,,"Experience and Interpretation in Muslim Feminist
Scriptural Discourse",16W,4,TTh 10:00a-11:50a,
SCI 503 LEC 1,,STEM Teaching in the AI Era,16W,3,MW 12:00p-1:15p,"Muhammad Hamad Alizai
Anusheh Attique"
SCRM 6101 LEC 1,,Operations and Supply Chain Strategy,MS1,3,FSSu 6:30p-8:30p,Ahsan Umar
SOC 100 LEC 1,,Introduction to Sociology,16W,4,MW 4:00p-5:50p,Amen Jaffer
SOC 100 LEC 2,,Introduction to Sociology,16W,4,MW 12:00p-1:50p,Tania Saeed
SOC 253 LEC 1,REL 233,Scientific Imagination and the Religious Mind,16W,4,TTh 12:00p-1:50p,Basit Bilal Koshul
SOC 265 LEC 1,GSS 210,Introduction to Gender and Sexuality Studies,16W,4,MW 12:00p-1:50p,Nida Yasmeen Kirmani
SOC 310 LEC 1,,Classical Sociological Theory,16W,4,TTh 12:00p-1:50p,Umair Javed
SOC 320 LEC 1,,Quantitative Research Methods,16W,4,MW 10:00a-11:50a,
SOC 334 LEC 1,,The Informal Economy,16W,4,MW 12:00p-1:50p,Umair Javed
SOC 353 LEC 1,,Social Science and the Post-Secular Age,16W,4,TTh 4:00p-5:50p,Basit Bilal Koshul
SS 100 LEC 1,,Writing and Communication,16W,4,TTh 8:00a-9:50a,
SS 100 LEC 2,,Writing and Communication,16W,4,TTh 9:30a-11:20a,
SS 100 LEC 3,,Writing and Communication,16W,4,TTh 1:30p-3:20p,
SS 100 LEC 4,,Writing and Communication,16W,4,MW 9:30a-11:20a,
SS 100 LEC 5,,Writing and Communication,16W,4,TTh 1:00p-2:50p,
SS 100 LEC 6,,Writing and Communication,16W,4,MW 2:00p-3:50p,
SS 100 LEC 7,,Writing and Communication,16W,4,TTh 4:00p-5:50p,
SS 100 LEC 8,,Writing and Communication,16W,4,MW 10:00a-11:50a,
SS 100 LEC 9,,Writing and Communication,16W,4,TTh 12:00p-1:50p,
SS 100 LEC 10,,Writing and Communication,16W,4,TTh 4:00p-5:50p,
SS 100 LEC 11,,Writing and Communication,16W,4,MW 11:00a-12:50p,
SS 100 LEC 12,,Writing and Communication,16W,4,MW 12:00p-1:50p,
SS 100 LEC 13,,Writing and Communication,16W,4,MW 8:00a-9:50a,
SS 100 LEC 14,,Writing and Communication,16W,4,TTh 10:00a-11:50a,
SS 100 LEC 15,,Writing and Communication,16W,4,MW 9:00a-10:50a,
SS 100 LEC 16,,Writing and Communication,16W,4,TTh 2:00p-3:50p,
SS 100 LEC 17,,Writing and Communication,16W,4,TTh 3:30p-5:20p,
SS 100 LEC 18,,Writing and Communication,16W,4,TTh 9:00a-10:50a,
SS 100 LEC 19,,Writing and Communication,16W,4,MW 2:00p-3:50p,
SS 100 LEC 20,,Writing and Communication,16W,4,MW 2:00p-3:50p,
SS 100 LEC 21,,Writing and Communication,16W,4,TTh 11:30a-1:20p,
SS 100 LEC 22,,Writing and Communication,16W,4,MW 12:00p-1:50p,
SS 100 LEC 23,,Writing and Communication,16W,4,TTh 11:00a-12:50p,
SS 100A LEC 1,,Introduction to Writing,16W,2,TTh 4:00p-4:50p,
SS 100A LEC 2,,Introduction to Writing,16W,2,MW 8:00a-8:50a,
SS 100A LEC 3,,Introduction to Writing,16W,2,MW 1:00p-1:50p,
SS 100A LEC 4,,Introduction to Writing,16W,2,TTh 11:00a-11:50a,
SS 100A LEC 5,,Introduction to Writing,16W,2,TTh 10:00a-10:50a,
SS 101 LEC 1,,Islamic Studies,16W,2,F 8:00a-9:50a,Aurangzeb Haneef
SS 101 LEC 2,,Islamic Studies,16W,2,F 4:00p-5:50p,Essam Fahim
SS 101 LEC 3,,Islamic Studies,16W,2,T 2:00p-3:50p,Baqar Hassan Syed
SS 101 LEC 4,,Islamic Studies,16W,2,Th 12:00p-1:50p,Essam Fahim
SS 101 LEC 5,,Islamic Studies,16W,2,F 2:00p-3:50p,Asif Iftikhar
SS 102 LEC 1,,Pakistan Studies: Culture and Heritage,16W,2,F 4:00p-5:50p,
SS 102 LEC 2,,Pakistan Studies: Culture and Heritage,16W,2,F 8:00a-9:50a,
SS 102 LEC 3,,Pakistan Studies: Culture and Heritage,16W,2,T 8:00a-9:50a,
SS 102 LEC 4,,Pakistan Studies: Culture and Heritage,16W,2,F 2:00p-3:50p,
SS 102 LEC 5,,Pakistan Studies: Culture and Heritage,16W,2,W 2:00p-3:50p,
SS 102 LEC 6,,Pakistan Studies: Culture and Heritage,16W,2,M 8:00a-9:50a,
SS 102 LEC 7,,Pakistan Studies: Culture and Heritage,16W,2,W 8:00a-9:50a,
SS 102 LEC 8,,Pakistan Studies: Culture and Heritage,16W,2,M 4:00p-5:50p,
SS 102 LEC 9,,Pakistan Studies: Culture and Heritage,16W,2,F 11:00a-12:50p,
SS 1302 LEC 1,,"Sur, Tal aur Rag: Foundations of South Asian Music",16W,4,TTh 10:00a-11:50a,Sadaf Habib
SS 1303 LEC 1,,Introduction to Kathak,16W,4,TTh 1:00p-2:50p,
SS 187 LEC 1,,Applied Statistics for Humanities,16W,4,MW 12:00p-1:50p,Muhammad Saad Imtiaz
SS 187 LEC 2,,Applied Statistics for Humanities,16W,4,TTh 12:00p-1:50p,Muhammad Salaar Arif Khan
SS 233 LEC 1,,Media Writing,16W,4,TTh 8:00a-9:50a,Syed Javed Nazir
SS 3302 LEC 1,,Professional Communication Skills,16W,4,MW 3:00p-4:50p,Aamna Khalid
SSE 101 LEC 1,,First Year Tutorial,16W,0.5,F 10:00a-12:50p,
SSE 101 LEC 2,,First Year Tutorial,16W,0.5,F 10:00a-12:50p,
SSE 101 LEC 3,,First Year Tutorial,16W,0.5,F 10:00a-12:50p,
SSE 101 LEC 4,,First Year Tutorial,16W,0.5,F 10:00a-12:50p,
SSE 101 LEC 5,,First Year Tutorial,16W,0.5,F 10:00a-12:50p,
SSE 101 LEC 6,,First Year Tutorial,16W,0.5,F 10:00a-12:50p,
SSE 101 LEC 7,,First Year Tutorial,16W,0.5,F 10:00a-12:50p,
SSE 101 LEC 8,,First Year Tutorial,16W,0.5,F 10:00a-12:50p,
SSE 101 LEC 9,,First Year Tutorial,16W,0.5,F 10:00a-12:50p,
SSE 101 LEC 10,,First Year Tutorial,16W,0.5,F 10:00a-12:50p,
SSE 101 LEC 11,,First Year Tutorial,16W,0.5,F 10:00a-12:50p,
SSE 101 LEC 12,,First Year Tutorial,16W,0.5,F 10:00a-12:50p,
SSE 101 LEC 13,,First Year Tutorial,16W,0.5,F 10:00a-12:50p,
SSE 101 LEC 14,,First Year Tutorial,16W,0.5,F 10:00a-12:50p,
SSE 101 LEC 15,,First Year Tutorial,16W,0.5,F 10:00a-12:50p,
SSE 101 LEC 16,,First Year Tutorial,16W,0.5,F 10:00a-12:50p,
SSE 101 LEC 17,,First Year Tutorial,16W,0.5,F 10:00a-12:50p,
SSE 101 LEC 18,,First Year Tutorial,16W,0.5,F 10:00a-12:50p,
SSE 101 LEC 19,,First Year Tutorial,16W,0.5,F 10:00a-12:50p,
SSE 101 LEC 20,,First Year Tutorial,16W,0.5,F 10:00a-12:50p,
SSE 101 LEC 21,,First Year Tutorial,16W,0.5,F 10:00a-12:50p,
SSE 101 LEC 22,,First Year Tutorial,16W,0.5,F 10:00a-12:50p,
SSE 101 LEC 23,,First Year Tutorial,16W,0.5,F 10:00a-12:50p,
SSE 101 LEC 24,,First Year Tutorial,16W,0.5,F 10:00a-12:50p,
SWR 102 PRT 1,,Swimming for Beginners,16W,1,TTh 10:00a-11:15a,"Muhammad Haider Awan
Amir Hussain"
SWR 102 PRT 2,,Swimming for Beginners,16W,1,MW 10:00a-11:15a,"Khalida Bashir
Rabia Yasin"
SWR 102 PRT 3,,Swimming for Beginners,16W,1,TTh 2:00p-3:15p,"Rashid Ahmad
Azmat Ullah"
SWR 102 PRT 4,,Swimming for Beginners,16W,1,MW 2:00p-3:15p,"Kausar Farooq
Nimra Nimra"
SWR 102 PRT 5,,Swimming for Beginners,16W,1,TTh 12:00p-1:15p,"Khalida Bashir
Rabia Yasin"
SWR 102 PRT 6,,Swimming for Beginners,16W,1,MW 12:00p-1:15p,"Muhammad Haider Awan
Amir Hussain"
SWR 102 PRT 7,,Swimming for Beginners,16W,1,TTh 4:00p-5:15p,"Kausar Farooq
Nimra Nimra"
SWR 102 PRT 8,,Swimming for Beginners,16W,1,MW 4:00p-5:15p,"Rashid Ahmad
Azmat Ullah"
SWR 103 PRT 1,,Strength Training and Conditioning for Beginners,16W,1,MW 10:00a-11:15a,Muhammad Bilal Iqbal Khan
SWR 103 PRT 2,,Strength Training and Conditioning for Beginners,16W,1,TTh 10:00a-11:15a,Muhammad Bilal Iqbal Khan
SWR 103 PRT 3,,Strength Training and Conditioning for Beginners,16W,1,MW 2:00p-3:15p,Mudassar Naseer
SWR 103 PRT 4,,Strength Training and Conditioning for Beginners,16W,1,TTh 2:00p-3:15p,Mudassar Naseer
SWR 103 PRT 5,,Strength Training and Conditioning for Beginners,16W,1,TTh 4:00p-5:15p,Muhammad Shakeel
SWR 103 PRT 6,,Strength Training and Conditioning for Beginners,16W,1,MW 4:00p-5:15p,Muhammad Shakeel
SWR 103 PRT 7,,Strength Training and Conditioning for Beginners,16W,1,MW 10:00a-11:15a,Kanwal Yousaf
SWR 103 PRT 8,,Strength Training and Conditioning for Beginners,16W,1,TTh 10:00a-11:15a,Kanwal Yousaf
SWR 103 PRT 9,,Strength Training and Conditioning for Beginners,16W,1,MW 11:30a-12:45p,Aruba Naz
SWR 103 PRT 10,,Strength Training and Conditioning for Beginners,16W,1,TTh 11:30a-12:45p,Aruba Naz
SWR 103 PRT 11,,Strength Training and Conditioning for Beginners,16W,1,MW 4:00p-5:15p,Shabana Kausar
SWR 103 PRT 12,,Strength Training and Conditioning for Beginners,16W,1,TTh 4:00p-5:15p,Shabana Kausar
SWR 104 PRT 1,,Basketball for beginners,16W,1,MW 3:30p-4:45p,Mohsin Riaz
SWR 104 PRT 2,,Basketball for beginners,16W,1,MW 5:00p-6:15p,Mohsin Riaz
SWR 104 PRT 3,,Basketball for beginners,16W,1,TTh 3:30p-4:45p,Mohsin Riaz
SWR 104 PRT 4,,Basketball for beginners,16W,1,TTh 5:00p-6:15p,Mohsin Riaz
SWR 105 PRT 1,,"Walk, Jog and Stretch for Fitness",16W,1,MW 3:30p-4:45p,Babar Asad Khan
SWR 105 PRT 2,,"Walk, Jog and Stretch for Fitness",16W,1,MW 5:00p-6:15p,Babar Asad Khan
SWR 105 PRT 3,,"Walk, Jog and Stretch for Fitness",16W,1,TTh 3:30p-4:45p,Babar Asad Khan
SWR 105 PRT 4,,"Walk, Jog and Stretch for Fitness",16W,1,TTh 5:00p-6:15p,Babar Asad Khan
