Course Code,Course Title,Session,Credit,Class Time,Start Time,End Time,Instructor,Cross Listing Code,Monday,Tuesday,Wednesday,Thursday,Friday,Saturday,Sunday
ACCT 100 LEC 1,Principles of Financial Accounting,16W,3.0,11:00a-12:15p,11:00,12:15,Syed Zain  ul Abidin,,0,1,0,1,0,0,0
ACCT 100 LEC 2,Principles of Financial Accounting,16W,3.0,12:30p-1:45p,12:30,13:45,Syed Zain  ul Abidin,,0,1,0,1,0,0,0
ACCT 100 LEC 3,Principles of Financial Accounting,16W,3.0,2:00p-3:15p,14:00,15:15,Syed Zain  ul Abidin,,0,1,0,1,0,0,0
ACCT 100 LEC 4,Principles of Financial Accounting,16W,3.0,3:30p-4:45p,15:30,16:45,Zainab Mehmood,,0,1,0,1,0,0,0
ACCT 100 LEC 5,Principles of Financial Accounting,16W,3.0,5:00p-6:15p,17:00,18:15,Zainab Mehmood,,0,1,0,1,0,0,0
ACCT 100 LEC 6,Principles of Financial Accounting,16W,3.0,9:30a-10:45a,09:30,10:45,Saira Rizwan,,1,0,1,0,0,0,0
ACCT 100 LEC 7,Principles of Financial Accounting,16W,3.0,11:00a-12:15p,11:00,12:15,Saira Rizwan,,1,0,1,0,0,0,0
ACCT 130 LEC 1,Principles of Management Accounting,16W,3.0,9:30a-10:45a,09:30,10:45,Ayesha Bhatti,,0,1,0,1,0,0,0
ACCT 130 LEC 2,Principles of Management Accounting,16W,3.0,11:00a-12:15p,11:00,12:15,Ayesha Bhatti,,0,1,0,1,0,0,0
ACCT 130 LEC 3,Principles of Management Accounting,16W,3.0,2:00p-3:15p,14:00,15:15,Ayesha Bhatti,,0,1,0,1,0,0,0
ACCT 130 LEC 4,Principles of Management Accounting,16W,3.0,12:30p-1:45p,12:30,13:45,Ayesha Bhatti,,0,1,0,1,0,0,0
ACCT 130 LEC 5,Principles of Management Accounting,16W,3.0,9:30a-10:45a,09:30,10:45,Mahin Moazzam,,0,1,0,1,0,0,0
ACCT 130 LEC 6,Principles of Management Accounting,16W,3.0,11:00a-12:15p,11:00,12:15,Mahin Moazzam,,0,1,0,1,0,0,0
ACCT 130 LEC 7,Principles of Management Accounting,16W,3.0,2:00p-3:15p,14:00,15:15,Mahin Moazzam,,0,1,0,1,0,0,0
ACCT 202 LEC 1,"Theory and Concepts of Accounting - Islamic
Perspective",16W,3.0,9:30a-10:45a,09:30,10:45,Abdul Rauf,,1,0,1,0,0,0,0
ACCT 202 LEC 2,"Theory and Concepts of Accounting - Islamic
Perspective",16W,3.0,11:00a-12:15p,11:00,12:15,Abdul Rauf,,1,0,1,0,0,0,0
ACCT 220 LEC 1,Corporate Financial Reporting I,16W,3.0,11:00a-12:15p,11:00,12:15,Samia Ahmed Ali,,1,0,1,0,0,0,0
ACCT 220 LEC 2,Corporate Financial Reporting I,16W,3.0,12:30p-1:45p,12:30,13:45,Samia Ahmed Ali,,1,0,1,0,0,0,0
ACCT 220 LEC 3,Corporate Financial Reporting I,16W,3.0,2:00p-3:15p,14:00,15:15,Samia Ahmed Ali,,1,0,1,0,0,0,0
ACCT 411 LEC 1,Applied Financial Analysis,16W,3.0,2:00p-3:15p,14:00,15:15,Saira Rizwan,,1,0,1,0,0,0,0
ACCT 482 LEC 1,"Governance, Risk and Compliance",16W,3.0,8:00a-9:15a,08:00,09:15,Ali Qamar,,1,0,1,0,0,0,0
ACF 2101 LEC 1,Introduction to Finance and Accounting,SDSB-Foundation,1.5,2:00p-4:10p,14:00,16:10,Syed Zain  ul Abidin,,1,0,0,1,1,1,1
ACF 2101 LEC 2,Introduction to Finance and Accounting,SDSB-Foundation,1.5,11:00a-1:10p,11:00,13:10,TBA,,1,0,0,1,1,1,1
ACF 5101 LEC 1,Financial Management and Accounting,MS1,3.0,2:00p-4:00p,14:00,16:00,"Samia Ahmed Ali
Syed Mubashir Ali",,0,0,0,0,1,1,1
ACTA 6202 LEC 1,Analytics in Accounting and Control,MS1,3.0,10:45a-12:45p,10:45,12:45,Ali Qamar,,0,0,0,0,1,1,1
AI 500 LEC 1,Foundations of AI,16W,3.0,12:30p-3:30p,12:30,15:30,Murtaza Taj,,0,0,0,0,0,1,0
AI 501 LEC 1,Mathematics for AI,16W,3.0,9:30a-12:30p,09:30,12:30,Zubair Khalid,,0,0,0,0,0,1,0
ANTH 100 LEC 1,Introduction to Cultural Anthropology,16W,4.0,4:00p-5:50p,16:00,17:50,Syeedda Anjum Ara Alvi,,1,0,1,0,0,0,0
ANTH 100 LEC 2,Introduction to Cultural Anthropology,16W,4.0,2:00p-3:50p,14:00,15:50,Sadaf Ahmad,,1,0,1,0,0,0,0
ANTH 276 LEC 1,Anthropology of Social Media,16W,4.0,4:00p-5:50p,16:00,17:50,Rabia Kamal,,0,1,0,1,0,0,0
ANTH 312 LEC 1,Modernity as a Way of Life,16W,4.0,10:00a-11:50a,10:00,11:50,Lukas Albert Paul Werth,,0,1,0,1,0,0,0
ANTH 434 LEC 1,Putting Social Science to the Test: Mixed-Methods Approaches to Lahoreâs Developmental Challenges,16W,4.0,12:00p-1:50p,12:00,13:50,Ameem Lutfi Farah Said,ECON 4402,0,1,0,1,0,0,0
ECON 4402 LEC 1,Putting Social Science to the Test: Mixed-Methods Approaches to Lahoreâs Developmental Challenges,16W,4.0,12:00p-1:50p,12:00,13:50,Ameem Lutfi Farah Said,ANTH 434,0,1,0,1,0,0,0
ANTH 464 LEC 1,Children of Abraham,16W,4.0,2:00p-3:50p,14:00,15:50,Lukas Albert Paul Werth,REL 453,0,1,0,1,0,0,0
REL 453 LEC 1,Children of Abraham,16W,4.0,2:00p-3:50p,14:00,15:50,Lukas Albert Paul Werth,ANTH 464,0,1,0,1,0,0,0
ANTH 483 LEC 1,Caste in South Asia and Beyond,16W,4.0,12:00p-1:50p,12:00,13:50,Dominic William Esler,HIST 4202,1,0,1,0,0,0,0
HIST 4202 LEC 1,Caste in South Asia and Beyond,16W,4.0,12:00p-1:50p,12:00,13:50,Dominic William Esler,ANTH 483,1,0,1,0,0,0,0
BIO 101 LEC 1,Introductory Biology,16W,3.0,5:00p-6:15p,17:00,18:15,"Muhammad Shoaib Muhammad Tariq
Safee Ullah Chaudhary",,1,0,1,0,0,0,0
BIO 216 LEC 1,Molecular Biology,16W,3.0,1:00p-2:15p,13:00,14:15,"Muhammad Shoaib
Muhammad Tariq",,1,0,1,0,0,0,0
BIO 221 LEC 1,Genetics,16W,4.0,10:30a-12:20p,10:30,12:20,"Khurram Bashir
Muhammad Tariq",,1,0,1,0,0,0,0
BIO 300 LAB 1,Methods in Cell and Molecular Biology,16W,4.0,9:00a-9:50a,09:00,09:50,"Khurram Bashir Shaper Mirza Zaigham Shahzad Muhammad Shoaib
Muhammad Tariq",BIO 500,1,0,1,0,1,0,0
BIO 500 LAB 1,Methods in Cell and Molecular Biology,16W,4.0,9:00a-9:50a,09:00,09:50,"Khurram Bashir Shaper Mirza Zaigham Shahzad Muhammad Shoaib
Muhammad Tariq",BIO 300,1,0,1,0,1,0,0
BIO 300 LAB 1a,Methods in Cell and Molecular Biology,16W,4.0,10:00a-12:50p,10:00,12:50,Khalida Mazhar,BIO 500,1,0,1,0,1,0,0
BIO 500 AB 1a,Methods in Cell and Molecular Biology,16W,4.0,10:00a-12:50p,10:00,12:50,Khalida Mazhar,BIO 300 LAB 1a,1,0,1,0,1,0,0
BIO 313 LEC 1,Cell Biology,16W,3.0,11:30a-12:45p,11:30,12:45,"Khurram Bashir
Faiz Ul Hassan Nasim",,0,1,0,1,0,0,0
BIO 331 LEC 1,Computational Biology II,16W,3.0,2:30p-3:45p,14:30,15:45,Safee Ullah Chaudhary,CS 330,1,0,1,0,0,0,0
CS 330 LEC 1,Computational Biology II,16W,3.0,2:30p-3:45p,14:30,15:45,Safee Ullah Chaudhary,BIO 331,1,0,1,0,0,0,0
BIO 401 SEM 1,Seminars in Biology,16W,1.0,1:00p-1:50p,13:00,13:50,Khurram Bashir,,1,0,0,0,0,0,0
BIO 403 LEC 1,"Critical thinking, Scientific Writing and Ethics",16W,3.0,3:00p-4:15p,15:00,16:15,"Khurram Bashir
Muhammad Shoaib",BIO 503,0,1,0,1,0,0,0
BIO 503 LEC 1,"Critical thinking, Scientific Writing and Ethics",16W,3.0,3:00p-4:15p,15:00,16:15,"Khurram Bashir
Muhammad Shoaib",BIO 403,0,1,0,1,0,0,0
BIO 513 LEC 1,Biophysical Techniques,16W,3.0,2:30p-3:45p,14:30,15:45,Faiz Ul Hassan Nasim,,0,1,0,1,0,0,0
BIO 516 LEC 1,Advanced Molecular and Cell Biology,16W,3.0,4:00p-5:15p,16:00,17:15,"Shaper Mirza
Zaigham Shahzad",,0,1,0,1,0,0,0
BIO 517 LEC 1,Molecular Mechanisms of Bacterial Pathagenesis,16W,3.0,1:00p-2:15p,13:00,14:15,Shaper Mirza,,0,1,0,1,0,0,0
BIO 523 LEC 1,RNA Biology,16W,3.0,4:30p-5:45p,16:30,17:45,Faiz Ul Hassan Nasim,,0,1,0,1,0,0,0
BIO 524 LEC 1,Evolution,16W,3.0,10:00a-11:15a,10:00,11:15,Zaigham Shahzad,,0,1,0,1,0,0,0
BIO 531 LEC 1,Computational Biology,16W,3.0,11:30a-12:45p,11:30,12:45,Safee Ullah Chaudhary,,0,1,0,1,0,0,0
CHE 210 LEC 1,Physical Chemistry,16W,3.0,10:30a-11:45a,10:30,11:45,Falak Sher,,1,0,1,0,0,0,0
CHE 260 LEC 1,Principles of Chemical Engineering,16W,3.0,12:00p-1:15p,12:00,13:15,Qandeel Almas,,1,0,1,0,0,0,0
CHE 262 LEC 1,Particle Science and Engineering,16W,3.0,5:00p-6:15p,17:00,18:15,Muhammad Faheem,,0,1,0,1,0,0,0
CHE 300A LAB 1,Chemical Engineering Lab II,16W,1.0,11:00a-1:50p,11:00,13:50,Faheem Hassan Akhtar,,0,0,1,0,0,0,0
CHE 302 LEC 1,Air Pollution,16W,3.0,12:00p-1:15p,12:00,13:15,Shahana Khurshid,SCI 307,0,1,0,1,0,0,0
SCI 307 LEC 1,Air Pollution,16W,3.0,12:00p-1:15p,12:00,13:15,Shahana Khurshid,CHE 302,0,1,0,1,0,0,0
CHE 320 LEC 1,Separation Processes,16W,3.0,9:00a-10:15a,09:00,10:15,Tauqeer Abbas,,0,1,0,1,0,0,0
CHE 330 LEC 1,Math Methods in Chemical Engineering II,16W,3.0,9:00a-10:15a,09:00,10:15,Usman Bin Shahid,,1,0,1,0,0,0,0
CHE 352 LEC 1,Heat and Mass Transfer,16W,3.0,3:00p-4:15p,15:00,16:15,Ali Rauf,,0,1,0,1,0,0,0
CHE 401 LEC 1,Chemical Process Design,16W,4.0,2:00p-3:15p,14:00,15:15,Qandeel Almas,,0,1,0,1,0,0,0
CHE 401 LAB 1,Chemical Process Design,16W,4.0,2:00p-4:50p,14:00,16:50,Qandeel Almas,,0,0,0,0,1,0,0
CHE 401A LAB 1,Chemical Engineering Lab - V,16W,1.0,8:00a-10:50a,08:00,10:50,"Qandeel Almas
Usman Bin Shahid",,0,0,0,1,0,0,0
CHE 401B LAB 1,Chemical Engineering Lab - VI,16W,1.0,8:00a-10:50a,08:00,10:50,"Qasim Imtiaz
Ali Rauf",,0,1,0,0,0,0,0
CHE 415 LEC 1,"Renewable Energy: Fundamentals, Applications,
and Economics",16W,3.0,2:00p-3:15p,14:00,15:15,Tauqeer Abbas,,0,1,0,1,0,0,0
CHE 422 LEC 1,Chemical Process Safety,16W,2.0,10:00a-10:50a,10:00,10:50,Faheem Hassan Akhtar,,1,0,1,0,0,0,0
CHE 710 LEC 1,Transport Processes in the Environment,16W,3.0,8:00a-9:15a,08:00,09:15,Shahana Khurshid,,0,1,0,1,0,0,0
CHEM 101 LEC 1,Principles of Chemistry,16W,3.0,3:30p-4:45p,15:30,16:45,Habib-ur- Rehman,,1,0,1,0,0,0,0
CHEM 101 LEC 2,Principles of Chemistry,16W,3.0,5:00p-6:15p,17:00,18:15,Basit Yameen,,0,1,0,1,0,0,0
CHEM 221 LEC 1,Molecular Symmetry I,16W,3.0,5:00p-6:15p,17:00,18:15,Muhammad Zaheer,PHY 335,0,1,0,1,0,0,0
PHY 335 LEC 1,Molecular Symmetry I,16W,3.0,5:00p-6:15p,17:00,18:15,Muhammad Zaheer,CHEM 221,0,1,0,1,0,0,0
CHEM 231 LEC 1,Fundamentals of Organic Chemistry,16W,3.0,3:00p-4:15p,15:00,16:15,Irshad Hussain,,1,0,1,0,0,0,0
CHEM 314 LEC 1,Quantum Chemistry,16W,3.0,10:00a-11:15a,10:00,11:15,Habib-ur- Rehman,,1,0,1,0,0,0,0
CHEM 324 LEC 1,Inorganic Chemistry I,16W,3.0,2:00p-3:15p,14:00,15:15,Ghayoor Abbas Chotana,,0,1,0,1,0,0,0
CHEM 332 LEC 1,Chemistry of the Organic Functional Groups,16W,3.0,10:30a-11:45a,10:30,11:45,Muhammad Saeed,,0,1,0,1,0,0,0
CHEM 342 LEC 1,Analytical Chemistry I,16W,3.0,8:00a-9:15a,08:00,09:15,"Muhammad Saeed
Muhammad Zaheer",,1,0,1,0,0,0,0
CHEM 410 LAB 1,Physical Chemistry Lab,16W,2.0,3:00p-5:50p,15:00,17:50,Salman Noshear Arshad,,0,0,0,0,1,0,0
CHEM 410 LEC 1,Physical Chemistry Lab,16W,2.0,12:00p-12:50p,12:00,12:50,Salman Noshear Arshad,,0,0,0,0,1,0,0
CHEM 430 LAB 1,Organic Chemistry Lab II,16W,2.0,9:00a-11:50a,09:00,11:50,Muhammad Saeed,,0,0,0,0,1,0,0
CHEM 430 LEC 1,Organic Chemistry Lab II,16W,2.0,8:00a-8:50a,08:00,08:50,Muhammad Saeed,,0,0,0,0,1,0,0
CHEM 516 LEC 1,Characterization Techniques for Materials,16W,3.0,11:00a-12:15p,11:00,12:15,Salman Noshear Arshad,,0,1,0,1,0,0,0
CHEM 521 LEC 1,Advanced Inorganic Chemistry I,16W,3.0,9:00a-10:15a,09:00,10:15,Ghayoor Abbas Chotana,,0,1,0,1,0,0,0
CHEM 531 LEC 1,Advanced Organic Chemistry I,16W,3.0,1:00p-2:15p,13:00,14:15,Irshad Hussain,,1,0,1,0,0,0,0
CHEM 532 LEC 1,Chemistry of Biomolecule,16W,3.0,10:00a-11:15a,10:00,11:15,Muhammad Saeed,,1,0,1,0,0,0,0
CHEM 721 LEC 1,Selected Topics in Inorganic Chemistry,16W,3.0,9:00a-10:15a,09:00,10:15,Ghayoor Abbas Chotana,,1,0,1,0,0,0,0
CHEM 731 LEC 1,Selected Topics in Organic Chemistry,16W,3.0,1:00p-2:15p,13:00,14:15,Irshad Hussain,,1,0,1,0,0,0,0
CLCA 1000 LEC 1,Engaging with Texts and Contexts,16W,4.0,10:00a-11:50a,10:00,11:50,"Fatima Fayyaz
Maryam Wasif Khan",,0,1,0,1,0,0,0
CLCA 2119 LEC 1,Mechanics of Fiction,16W,4.0,12:00p-1:50p,12:00,13:50,Bilal Tanweer,,1,0,1,0,0,0,0
CLCA 2122 LEC 1,Urdu Afsana,16W,4.0,4:30p-6:20p,16:30,18:20,Zia Ul Hassan,,0,1,0,1,0,0,0
CLCA 2133 LEC 1,Fountain of the Sun: Rumiâs Masnavi and Divan,16W,4.0,1:30p-3:20p,13:30,15:20,Fatima Fayyaz,,0,1,0,1,0,0,0
CLCA 2222 LEC 1,The Critical Lens: The Art of Filmmaking,16W,4.0,2:00p-3:50p,14:00,15:50,Raja Mohammad Tabish Habib,,1,0,1,0,0,0,0
CLCA 2523 LEC 1,Introduction to Illustrative Storytelling,16W,4.0,10:00a-11:50a,10:00,11:50,TBA,,1,0,1,0,0,0,0
CLCA 3123 LEC 1,Aag ka Darya: A Close Reading,16W,4.0,4:00p-5:50p,16:00,17:50,Nasir Abbas,,1,0,1,0,0,0,0
CLCA 3211 LEC 1,Film and Screen Studies Research Seminar,16W,4.0,12:00p-1:50p,12:00,13:50,Zebunnisa Hamid,,0,1,0,1,0,0,0
CLCA 3324 LEC 1,The Craft of Translation,16W,4.0,2:00p-3:50p,14:00,15:50,Bilal Tanweer,,0,1,0,1,0,0,0
CLCA 3325 LEC 1,Life Writing and the Multilingual Self,16W,4.0,8:00a-9:50a,08:00,09:50,Usama Mumtaz Lali,,1,0,1,0,0,0,0
CS 100 LEC 1,Computational Problem Solving,16W,3.0,4:00p-4:50p,16:00,16:50,"Maryam Mustafa
Shafay Shamail",,0,1,0,1,0,0,0
CS 100 LEC 2,Computational Problem Solving,16W,3.0,12:00p-12:50p,12:00,12:50,"Maryam Mustafa
Shafay Shamail",,1,0,1,0,0,0,0
CS 100 LAB 1,Computational Problem Solving,16W,3.0,8:00a-10:50a,08:00,10:50,"Maryam Mustafa
Shafay Shamail",,1,0,0,0,0,0,0
CS 100 LAB 2,Computational Problem Solving,16W,3.0,2:00p-4:50p,14:00,16:50,"Maryam Mustafa
Shafay Shamail",,0,0,0,0,1,0,0
CS 200 LEC 1,Introduction to Programming,16W,4.0,10:00a-11:15a,10:00,11:15,Zartash Afzal Uzmi,EE 201,1,0,1,0,0,0,0
EE 201 LEC 1,Introduction to Programming,16W,4.0,10:00a-11:15a,10:00,11:15,Zartash Afzal Uzmi,CS 200,1,0,1,0,0,0,0
CS 200 LEC 2,Introduction to Programming,16W,4.0,10:00a-11:15a,10:00,11:15,Zartash Afzal Uzmi,EE 201,0,1,0,1,0,0,0
EE 201 LEC 2,Introduction to Programming,16W,4.0,10:00a-11:15a,10:00,11:15,Zartash Afzal Uzmi,CS 200,0,1,0,1,0,0,0
CS 200 LAB 1,Introduction to Programming,16W,4.0,1:00p-3:50p,13:00,15:50,Zartash Afzal Uzmi,EE 201,1,0,0,0,0,0,0
EE 201 LAB 1,Introduction to Programming,16W,4.0,1:00p-3:50p,13:00,15:50,Zartash Afzal Uzmi,CS 200,1,0,0,0,0,0,0
CS 200 LAB 2,Introduction to Programming,16W,4.0,10:00a-12:50p,10:00,12:50,Zartash Afzal Uzmi,EE 201,0,0,0,0,1,0,0
EE 201 LAB 2,Introduction to Programming,16W,4.0,10:00a-12:50p,10:00,12:50,Zartash Afzal Uzmi,CS 200,0,0,0,0,1,0,0
CS 202 LEC 1,Data Structures,16W,3.0,10:00a-11:15a,10:00,11:15,"Waqar Ahmad
Muhammad Sohaib Ayub",EE 202,0,1,0,1,0,0,0
EE 202 LEC 1,Data Structures,16W,3.0,10:00a-11:15a,10:00,11:15,"Waqar Ahmad
Muhammad Sohaib Ayub",CS 202,0,1,0,1,0,0,0
CS 210 LEC 1,Discrete Mathematics,16W,4.0,1:00p-2:50p,13:00,14:50,Malik Jahan Khan,MATH 252,0,1,0,1,0,0,0
MATH 252 LEC 1,Discrete Mathematics,16W,4.0,1:00p-2:50p,13:00,14:50,Malik Jahan Khan,CS 210,0,1,0,1,0,0,0
CS 210 LEC 2,Discrete Mathematics,16W,4.0,3:00p-4:50p,15:00,16:50,Malik Jahan Khan,MATH 252,0,1,0,1,0,0,0
MATH 252 LEC 2,Discrete Mathematics,16W,4.0,3:00p-4:50p,15:00,16:50,Malik Jahan Khan,CS 210,0,1,0,1,0,0,0
CS 225 LEC 1,Fundamentals of Computer Systems,16W,4.0,8:00a-9:50a,08:00,09:50,Muhammad Jahangir Ikram,,0,1,0,1,0,0,0
CS 225 LEC 2,Fundamentals of Computer Systems,16W,4.0,4:00p-5:50p,16:00,17:50,Muhammad Adeel Ahmed Pasha,,0,1,0,1,0,0,0
CS 310 LEC 1,Algorithms,16W,3.0,1:30p-2:45p,13:30,14:45,Imdad ullah khan,CS 5102,0,1,0,1,0,0,0
CS 5102 LEC 1,Algorithms,16W,3.0,1:30p-2:45p,13:30,14:45,Imdad ullah khan,CS 310,0,1,0,1,0,0,0
CS 334 LEC 1,Principles and Techniques of Data Science,16W,3.0,12:00p-1:15p,12:00,13:15,Ihsan Ayyub Qazi,EE 402,0,1,0,1,0,0,0
EE 402 LEC 1,Principles and Techniques of Data Science,16W,3.0,12:00p-1:15p,12:00,13:15,Ihsan Ayyub Qazi,CS 334,0,1,0,1,0,0,0
CS 340 LEC 1,Databases,16W,3.0,9:00a-10:15a,09:00,10:15,"Asim Karim
Basit Shafiq",,1,0,1,0,0,0,0
CS 340 LEC 2,Databases,16W,3.0,9:00a-10:15a,09:00,10:15,"Asim Karim
Basit Shafiq",,0,1,0,1,0,0,0
CS 370 LEC 1,Operating Systems,16W,3.0,10:00a-11:15a,10:00,11:15,"Naveed Anwar Bhatti
Muhammad Hammad Alizai",,1,0,1,0,0,0,0
CS 370 LEC 2,Operating Systems,16W,3.0,4:00p-5:15p,16:00,17:15,"Naveed Anwar Bhatti
Muhammad Hammad Alizai",,1,0,1,0,0,0,0
CS 436 LEC 1,Computer Vision Fundamentals,16W,3.0,12:00p-1:15p,12:00,13:15,Murtaza Taj,CS 5310/ EE 513,0,1,0,1,0,0,0
CS 5310/ EE 513 LEC 1,Computer Vision Fundamentals,16W,3.0,12:00p-1:15p,12:00,13:15,Murtaza Taj,CS 436,0,1,0,1,0,0,0
CS 452 LEC 1,Computer Graphics,16W,3.0,5:00p-6:15p,17:00,18:15,Murtaza Taj,,0,1,0,1,0,0,0
CS 4602 SEM 1,Coding for Careers,16W,3.0,9:30a-10:45a,09:30,10:45,Maryam Abdul Ghafoor,CS 667,0,0,0,0,1,0,0
CS 667 SEM 1,Coding for Careers,16W,3.0,9:30a-10:45a,09:30,10:45,Maryam Abdul Ghafoor,CS 4602,0,0,0,0,1,0,0
CS 4602 SEM 2,Coding for Careers,16W,3.0,9:30a-10:45a,09:30,10:45,Mobin Javed,CS 667,0,0,0,0,1,0,0
CS 667 SEM 2,Coding for Careers,16W,3.0,9:30a-10:45a,09:30,10:45,Mobin Javed,CS 4602,0,0,0,0,1,0,0
CS 4602 SEM 1a,Coding for Careers,16W,3.0,11:00a-12:15p,11:00,12:15,Mobin Javed,CS 667,0,0,0,0,1,0,0
CS 667 EM 1a,Coding for Careers,16W,3.0,11:00a-12:15p,11:00,12:15,Mobin Javed,CS 4602 SEM 1a,0,0,0,0,1,0,0
CS 4602 SEM 2a,Coding for Careers,16W,3.0,11:00a-12:15p,11:00,12:15,Maryam Abdul Ghafoor,CS 667,0,0,0,0,1,0,0
CS 667 EM 2a,Coding for Careers,16W,3.0,11:00a-12:15p,11:00,12:15,Maryam Abdul Ghafoor,CS 4602 SEM 2a,0,0,0,0,1,0,0
CS 487 LEC 1,Cloud Development,16W,3.0,10:00a-11:15a,10:00,11:15,TBA,,0,1,0,1,0,0,0
CS 501 LEC 1,Applied Probability,16W,3.0,3:00p-4:15p,15:00,16:15,Momin Ayub Uppal,EE 515/MATH 439,0,1,0,1,0,0,0
EE 515/MATH 439 LEC 1,Applied Probability,16W,3.0,3:00p-4:15p,15:00,16:15,Momin Ayub Uppal,CS 501,0,1,0,1,0,0,0
CS 535 LEC 1,Machine Learning,16W,3.0,12:00p-1:15p,12:00,13:15,Agha Ali Raza,CS 438/EE 514,1,0,1,0,0,0,0
CS 438/EE 514 LEC 1,Machine Learning,16W,3.0,12:00p-1:15p,12:00,13:15,Agha Ali Raza,CS 535,1,0,1,0,0,0,0
CS 535 LEC 2,Machine Learning,16W,3.0,1:30p-2:45p,13:30,14:45,Agha Ali Raza,CS 438/EE 514,1,0,1,0,0,0,0
CS 438/EE 514 LEC 2,Machine Learning,16W,3.0,1:30p-2:45p,13:30,14:45,Agha Ali Raza,CS 535,1,0,1,0,0,0,0
CS 553 LEC 1,Computer Graphics,16W,3.0,9:30a-10:45a,09:30,10:45,Murtaza Taj,,1,0,1,0,0,0,0
CS 5602 LEC 1,Game Design and Development,16W,3.0,5:00p-6:15p,17:00,18:15,Salman Arif,,1,0,1,0,0,0,0
CS 582 LEC 1,Distributed Systems,16W,3.0,12:00p-1:15p,12:00,13:15,Zafar Ayyub Qazi,,1,0,1,0,0,0,0
CS 6303 LEC 1,"Topics in Large Language Models: Systems,
Applications and Impacts",16W,3.0,3:00p-4:15p,15:00,16:15,"Ihsan Ayyub Qazi
Zafar Ayyub Qazi",,1,0,1,0,0,0,0
CS 682 LEC 1,Topics in Computer and Network Security,16W,3.0,3:00p-4:15p,15:00,16:15,Muhammad Fareed Zaffar,,0,1,0,1,0,0,0
DISC 112 LEC 1,Computer and Problem Solving,16W,4.0,8:00a-9:15a,08:00,09:15,Humbal Tariq,,1,0,1,0,0,0,0
DISC 112 LAB 1,Computer and Problem Solving,16W,4.0,9:00a-11:50a,09:00,11:50,Humbal Tariq,,0,0,0,0,1,0,0
DISC 203 LEC 1,Probability and Statistics,16W,3.0,9:30a-10:45a,09:30,10:45,Ijaz Haider Naqvi,,0,1,0,1,0,0,0
DISC 203 LEC 2,Probability and Statistics,16W,3.0,11:00a-12:15p,11:00,12:15,Ijaz Haider Naqvi,,0,1,0,1,0,0,0
DISC 203 LEC 3,Probability and Statistics,16W,3.0,12:30p-1:45p,12:30,13:45,Ijaz Haider Naqvi,,0,1,0,1,0,0,0
DISC 203 LEC 4,Probability and Statistics,16W,3.0,5:00p-6:15p,17:00,18:15,TBA,,1,0,1,0,0,0,0
DISC 203 LEC 5,Probability and Statistics,16W,3.0,5:00p-6:15p,17:00,18:15,TBA,,0,1,0,1,0,0,0
DISC 212 LEC 1,Introduction to Management Science,16W,3.0,9:30a-10:45a,09:30,10:45,Kamran Rashid,,1,0,1,0,0,0,0
DISC 212 LEC 2,Introduction to Management Science,16W,3.0,11:00a-12:15p,11:00,12:15,Kamran Rashid,,1,0,1,0,0,0,0
DISC 212 LEC 3,Introduction to Management Science,16W,3.0,8:00a-9:15a,08:00,09:15,TBA,,0,1,0,1,0,0,0
DISC 212 LEC 4,Introduction to Management Science,16W,3.0,9:30a-10:45a,09:30,10:45,TBA,,0,1,0,1,0,0,0
DISC 212 LEC 5,Introduction to Management Science,16W,3.0,11:00a-12:15p,11:00,12:15,TBA,,0,1,0,1,0,0,0
DISC 231 LEC 1,Operations Management,16W,3.0,2:00p-3:15p,14:00,15:15,Hassan Rauf Chaudhry,,1,0,1,0,0,0,0
DISC 320 LEC 1,Qualitative and Quantitative Methods in Business,16W,3.0,3:30p-4:45p,15:30,16:45,TBA,,1,0,1,0,0,0,0
DISC 320 LEC 2,Qualitative and Quantitative Methods in Business,16W,3.0,5:00p-6:15p,17:00,18:15,TBA,,1,0,1,0,0,0,0
DISC 321 LEC 1,Decision Analysis,16W,4.0,9:00a-10:50a,09:00,10:50,Sheikh Attique Ur Rehman,,1,0,1,0,0,0,0
DISC 321 LEC 2,Decision Analysis,16W,4.0,12:30p-2:20p,12:30,14:20,Sheikh Attique Ur Rehman,,1,0,1,0,0,0,0
DISC 322 LEC 1,Optimization Methods in Management Science,16W,3.0,12:30p-1:45p,12:30,13:45,Kamran Rashid,,1,0,1,0,0,0,0
DISC 322 LEC 2,Optimization Methods in Management Science,16W,3.0,2:00p-3:15p,14:00,15:15,Kamran Rashid,,1,0,1,0,0,0,0
DISC 323 LEC 1,Decision Behaviour,16W,3.0,2:00p-3:15p,14:00,15:15,Shoaib Amjad Hussain,,0,1,0,1,0,0,0
DISC 323 LEC 2,Decision Behaviour,16W,3.0,3:30p-4:45p,15:30,16:45,Shoaib Amjad Hussain,,0,1,0,1,0,0,0
DISC 323 LEC 3,Decision Behaviour,16W,3.0,12:30p-1:45p,12:30,13:45,Sheikh Attique Ur Rehman,,0,1,0,1,0,0,0
DISC 327 LEC 1,Risk Management Process,16W,3.0,5:00p-6:15p,17:00,18:15,Ahmed Majeed Khan,,0,1,0,1,0,0,0
DISC 331 LEC 1,Project Management,16W,3.0,9:30a-10:45a,09:30,10:45,Zehra Waheed,,1,0,1,0,0,0,0
DISC 333 LEC 1,Supply Chain and Logistics Management,16W,3.0,5:00p-6:15p,17:00,18:15,Ahsan Umar,,0,1,0,1,0,0,0
DISC 420 LEC 1,Business Analytics,16W,3.0,12:30p-1:45p,12:30,13:45,Maheen Aamir Syed,,0,1,0,1,0,0,0
DISC 420 LEC 2,Business Analytics,16W,3.0,2:00p-3:15p,14:00,15:15,Maheen Aamir Syed,,0,1,0,1,0,0,0
DISC 7005 LEC 1,Applied Statistics,16W,3.0,3:00p-6:00p,15:00,18:00,Ussama Yaqub,,0,0,0,1,0,0,0
DISC 8402 SEM 1,Seminar in Supply Chain Analysis,16W,3.0,2:00p-5:00p,14:00,17:00,Sheikh Attique Ur Rehman,,0,0,0,0,1,0,0
DISC 8502 LEC 1,"Seminar in Technology and Innovation
Management",16W,3.0,12:30p-3:30p,12:30,15:30,Muhammad Adeel Zaffar,,0,0,0,1,0,0,0
ECON 100 LEC 1,Principles of Economics,16W,4.0,9:30a-11:20a,09:30,11:20,Nadia Mukhtar Sayed,,1,0,1,0,0,0,0
ECON 111 LEC 1,Principles of Microeconomics,16W,4.0,4:00p-5:15p,16:00,17:15,Faisal Bari,,0,1,0,1,0,0,0
ECON 111 LEC 2,Principles of Microeconomics,16W,4.0,10:00a-11:15a,10:00,11:15,Faisal Bari,,0,1,0,1,0,0,0
ECON 111 LEC 3,Principles of Microeconomics,16W,4.0,12:30p-1:45p,12:30,13:45,Faisal Bari,,0,1,0,1,0,0,0
ECON 111 RAC 1,Principles of Microeconomics,16W,4.0,10:00a-10:50a,10:00,10:50,Ayesha Karim Malik,,1,0,0,0,0,0,0
ECON 111 RAC 2,Principles of Microeconomics,16W,4.0,11:00a-11:50a,11:00,11:50,Ayesha Karim Malik,,1,0,0,0,0,0,0
ECON 111 RAC 3,Principles of Microeconomics,16W,4.0,12:00p-12:50p,12:00,12:50,Ayesha Karim Malik,,1,0,0,0,0,0,0
ECON 111 RAC 4,Principles of Microeconomics,16W,4.0,11:00a-11:50a,11:00,11:50,Ayesha Karim Malik,,0,0,1,0,0,0,0
ECON 111 RAC 5,Principles of Microeconomics,16W,4.0,12:00p-12:50p,12:00,12:50,Ayesha Karim Malik,,0,0,1,0,0,0,0
ECON 111 RAC 6,Principles of Microeconomics,16W,4.0,10:00a-10:50a,10:00,10:50,Ayesha Karim Malik,,0,0,1,0,0,0,0
ECON 111 RAC 7,Principles of Microeconomics,16W,4.0,11:00a-11:50a,11:00,11:50,Ayesha Karim Malik,,0,0,0,0,1,0,0
ECON 111 RAC 8,Principles of Microeconomics,16W,4.0,9:00a-9:50a,09:00,09:50,Ayesha Karim Malik,,0,0,0,0,1,0,0
ECON 111 RAC 9,Principles of Microeconomics,16W,4.0,10:00a-10:50a,10:00,10:50,Ayesha Karim Malik,,0,0,0,0,1,0,0
ECON 121 LEC 1,Principles of Macroeconomics,16W,4.0,12:00p-1:15p,12:00,13:15,Kashif Zaheer Malik,,1,0,1,0,0,0,0
ECON 121 LEC 2,Principles of Macroeconomics,16W,4.0,10:30a-11:45a,10:30,11:45,Kashif Zaheer Malik,,1,0,1,0,0,0,0
ECON 121 LEC 3,Principles of Macroeconomics,16W,4.0,10:30a-11:45a,10:30,11:45,Sheraz Latif Malik,,0,1,0,1,0,0,0
ECON 121 RAC 1,Principles of Macroeconomics,16W,4.0,4:00p-4:50p,16:00,16:50,Anum Fatima,,0,0,1,0,0,0,0
ECON 121 RAC 2,Principles of Macroeconomics,16W,4.0,3:00p-3:50p,15:00,15:50,Anum Fatima,,0,0,1,0,0,0,0
ECON 121 RAC 3,Principles of Macroeconomics,16W,4.0,2:00p-2:50p,14:00,14:50,Anum Fatima,,0,0,1,0,0,0,0
ECON 121 RAC 4,Principles of Macroeconomics,16W,4.0,2:00p-2:50p,14:00,14:50,Anum Fatima,,0,0,0,1,0,0,0
ECON 121 RAC 5,Principles of Macroeconomics,16W,4.0,4:30p-5:20p,16:30,17:20,Anum Fatima,,0,0,0,1,0,0,0
ECON 121 RAC 6,Principles of Macroeconomics,16W,4.0,3:00p-3:50p,15:00,15:50,Anum Fatima,,0,0,0,1,0,0,0
ECON 121 RAC 7,Principles of Macroeconomics,16W,4.0,10:00a-10:50a,10:00,10:50,TBA,,0,0,0,0,1,0,0
ECON 121 RAC 8,Principles of Macroeconomics,16W,4.0,11:00a-11:50a,11:00,11:50,TBA,,0,0,0,0,1,0,0
ECON 121 RAC 9,Principles of Macroeconomics,16W,4.0,9:00a-9:50a,09:00,09:50,TBA,,0,0,1,0,0,0,0
ECON 211 LEC 1,Intermediate Microeconomics,16W,4.0,10:00a-11:50a,10:00,11:50,Ayesha Ali,,1,0,1,0,0,0,0
ECON 211 LEC 2,Intermediate Microeconomics,16W,4.0,10:00a-11:50a,10:00,11:50,Ayesha Ali,,0,1,0,1,0,0,0
ECON 221 LEC 1,Intermediate Macroeconomics,16W,4.0,10:00a-11:50a,10:00,11:50,Daniyal Khan,,0,1,0,1,0,0,0
ECON 221 LEC 2,Intermediate Macroeconomics,16W,4.0,2:00p-3:50p,14:00,15:50,Daniyal Khan,,0,1,0,1,0,0,0
ECON 230 LEC 1,Statistics and Data Analysis,16W,4.0,12:00p-1:30p,12:00,13:30,Rabia Khan,,0,1,0,1,0,0,0
ECON 230 LEC 2,Statistics and Data Analysis,16W,4.0,2:00p-3:30p,14:00,15:30,Usman Elahi,,1,0,1,0,0,0,0
ECON 230 LEC 3,Statistics and Data Analysis,16W,4.0,11:00a-12:30p,11:00,12:30,Usman Elahi,,1,0,1,0,0,0,0
ECON 230 LAB 1,Statistics and Data Analysis,16W,4.0,2:00p-2:50p,14:00,14:50,Rimsha Arif,,0,1,0,0,0,0,0
ECON 230 LAB 2,Statistics and Data Analysis,16W,4.0,5:00p-5:50p,17:00,17:50,Rimsha Arif,,0,1,0,0,0,0,0
ECON 230 LAB 3,Statistics and Data Analysis,16W,4.0,5:00p-5:50p,17:00,17:50,Eeman Shehzad Qureshi,,0,0,0,1,0,0,0
ECON 230 LAB 4,Statistics and Data Analysis,16W,4.0,3:00p-3:50p,15:00,15:50,Eeman Shehzad Qureshi,,0,1,0,0,0,0,0
ECON 230 LAB 5,Statistics and Data Analysis,16W,4.0,4:00p-4:50p,16:00,16:50,Eeman Shehzad Qureshi,,0,0,1,0,0,0,0
ECON 230 LAB 6,Statistics and Data Analysis,16W,4.0,3:00p-3:50p,15:00,15:50,Eeman Shehzad Qureshi,,0,0,0,1,0,0,0
ECON 233 LEC 1,Introduction to Game Theory,16W,4.0,10:00a-11:50a,10:00,11:50,Lyyla Khalid,MATH 232,1,0,1,0,0,0,0
MATH 232 LEC 1,Introduction to Game Theory,16W,4.0,10:00a-11:50a,10:00,11:50,Lyyla Khalid,ECON 233,1,0,1,0,0,0,0
ECON 233 LEC 2,Introduction to Game Theory,16W,4.0,10:00a-11:50a,10:00,11:50,Lyyla Khalid,MATH 232,0,1,0,1,0,0,0
MATH 232 LEC 2,Introduction to Game Theory,16W,4.0,10:00a-11:50a,10:00,11:50,Lyyla Khalid,ECON 233,0,1,0,1,0,0,0
ECON 240 LEC 1,Development Economics,16W,4.0,3:00p-4:50p,15:00,16:50,Nadia Mukhtar Sayed,,0,1,0,1,0,0,0
ECON 247 LEC 1,Sectors and Policy in Development,16W,4.0,10:00a-11:50a,10:00,11:50,Hadia Majid,,1,0,1,0,0,0,0
ECON 261 LEC 1,Principles of Finance,16W,4.0,12:00p-1:50p,12:00,13:50,Sheraz Latif Malik,,0,1,0,1,0,0,0
ECON 262 LEC 1,Mathematical Applications in Economics,16W,4.0,10:00a-11:50a,10:00,11:50,Mushtaq Ahmad Khan,,1,0,1,0,0,0,0
ECON 323 LEC 1,Economic History of South Asia,16W,4.0,12:00p-1:50p,12:00,13:50,Fahd Ali,,0,1,0,1,0,0,0
ECON 330 LEC 1,Econometrics,16W,4.0,10:00a-11:30a,10:00,11:30,Farah Said,,1,0,1,0,0,0,0
ECON 330 LEC 2,Econometrics,16W,4.0,10:00a-11:30a,10:00,11:30,Muhammad Farooq Naseer,,0,1,0,1,0,0,0
ECON 330 LAB 1,Econometrics,16W,4.0,11:00a-11:50a,11:00,11:50,Rabia Khan,,0,0,0,0,1,0,0
ECON 330 LAB 2,Econometrics,16W,4.0,12:00p-12:50p,12:00,12:50,Rabia Khan,,0,0,0,0,1,0,0
ECON 330 LAB 3,Econometrics,16W,4.0,5:00p-5:50p,17:00,17:50,Yushma Umar,,0,0,1,0,0,0,0
ECON 330 LAB 4,Econometrics,16W,4.0,2:00p-2:50p,14:00,14:50,Yushma Umar,,0,0,1,0,0,0,0
ECON 3402 LEC 1,Gender Economics,16W,4.0,4:00p-5:50p,16:00,17:50,Hana Zahir,,0,1,0,1,0,0,0
ECON 343 LEC 1,Agriculture and Food Policy,16W,4.0,2:00p-3:50p,14:00,15:50,Abid Aman Burki,,0,1,0,1,0,0,0
ECON 3603 LEC 1,"Money and Monetary Policy: Applications to
Pakistan",16W,4.0,10:00a-11:50a,10:00,11:50,TBA,,1,0,1,0,0,0,0
ECON 363 LEC 1,Economics of Investment and Finance,16W,4.0,9:30a-11:20a,09:30,11:20,Mohammad Usman Khan,,1,0,1,0,0,0,0
ECON 4102 LEC 1,Gender and the Labor Market,16W,4.0,10:00a-11:50a,10:00,11:50,Hadia Majid,GSS 4112,0,1,0,1,0,0,0
GSS 4112 LEC 1,Gender and the Labor Market,16W,4.0,10:00a-11:50a,10:00,11:50,Hadia Majid,ECON 4102,0,1,0,1,0,0,0
ECON 427 LEC 1,Computational Macroeconomics,16W,4.0,10:00a-11:50a,10:00,11:50,Syed Zahid Ali,,1,0,1,0,0,0,0
ECON 438 LEC 1,Econometrics II,16W,4.0,12:00p-1:50p,12:00,13:50,Adeel Tariq,,1,0,1,0,0,0,0
ECON 441 LEC 1,Development Economics Theory,16W,4.0,3:00p-4:50p,15:00,16:50,Khalid Mir,,1,0,1,0,0,0,0
ECON 4410 LEC 1,Issues in Economic Policy,16W,4.0,9:00a-10:50a,09:00,10:50,"Nazish Afraz
Ijaz Nabi",,1,0,1,0,0,0,0
ECON 449 LEC 1,Philosophy and Economics,16W,4.0,10:00a-11:50a,10:00,11:50,Khalid Mir,,1,0,1,0,0,0,0
ECON 511 LEC 1,Microeconomic Analysis,16W,4.0,10:00a-11:50a,10:00,11:50,Osama Khan,,1,0,1,0,0,0,0
ECON 531 LEC 1,Econometrics and Research Methodology I,16W,4.0,10:00a-11:50a,10:00,11:50,Mushtaq Ahmad Khan,,0,1,0,1,0,0,0
ECON 536 LEC 1,Topics in Mathematical Method for Economists,16W,4.0,3:00p-4:50p,15:00,16:50,Syed Zahid Ali,,1,0,1,0,0,0,0
EDU 210 LEC 1,Critical Debates in Education,16W,3.0,8:00a-9:15a,08:00,09:15,Gulab Khan,,1,0,1,0,0,0,0
EDU 218 LEC 1,"Education and International Development -
Concepts, Theories, and Issues",16W,3.0,8:00a-9:15a,08:00,09:15,Farah Syed,,0,1,0,1,0,0,0
EDU 223 LEC 1,"Trauma-Informed Education Systems: Creating
Cultures of Support and Change",16W,3.0,8:00a-9:15a,08:00,09:15,Fizza Suhail,,1,0,1,0,0,0,0
EDU 272 LEC 1,"Education, Schools and Violence",16W,3.0,8:00a-9:15a,08:00,09:15,TBA,,0,1,0,1,0,0,0
EDU 274 LEC 1,Gender Media and Education,16W,3.0,8:00a-9:15a,08:00,09:15,Hasham Nasir,GSS 265,0,1,0,1,0,0,0
GSS 265 LEC 1,Gender Media and Education,16W,3.0,8:00a-9:15a,08:00,09:15,Hasham Nasir,EDU 274,0,1,0,1,0,0,0
EDU 3203 LEC 1,"Designing Immersive Learning Experiences:
Student-Centered Instructional Skills Training",16W,3.0,9:30a-10:45a,09:30,10:45,TBA,,0,1,0,1,0,0,0
EDU 3207 LEC 1,Socio Emotional Learning,16W,3.0,3:30p-4:45p,15:30,16:45,Mariam Haider,,0,1,0,1,0,0,0
EDU 321 LEC 1,"Inclusive Pedagogy: Rethinking teaching, learning
and assessment",16W,3.0,8:00a-9:15a,08:00,09:15,Fizza Suhail,,0,1,0,1,0,0,0
EDU 325 LEC 1,The (Instructional) Core and How to Work it,16W,3.0,12:30p-1:45p,12:30,13:45,Mehreen Noon,,1,0,1,0,0,0,0
EDU 353 LEC 1,Education and Conflict,16W,3.0,12:00p-1:15p,12:00,13:15,Hasham Nasir,,0,1,0,1,0,0,0
EDU 372 LEC 1,Mobile Lives: Im/migration and Education,16W,3.0,4:30p-5:45p,16:30,17:45,Daniyal Yousaf,SOC 322,0,1,0,1,0,0,0
SOC 322 LEC 1,Mobile Lives: Im/migration and Education,16W,3.0,4:30p-5:45p,16:30,17:45,Daniyal Yousaf,EDU 372,0,1,0,1,0,0,0
EDU 412 LEC 1,Economics of Education,16W,3.0,12:00p-1:15p,12:00,13:15,Jasir Shahbaz,ECON 406,1,0,1,0,0,0,0
ECON 406 LEC 1,Economics of Education,16W,3.0,12:00p-1:15p,12:00,13:15,Jasir Shahbaz,EDU 412,1,0,1,0,0,0,0
EDU 422 LEC 1,Behavior Analysis for Effective Teaching,16W,3.0,10:30a-11:45a,10:30,11:45,Aaishay Haque,,0,1,0,1,0,0,0
EDU 510 SEM 1,"Interdisciplinary Theoretical Perspectives on
Education",16W,3.0,2:00p-4:50p,14:00,16:50,"Aaishay Haque
Tayyaba Tamim",,0,0,0,0,1,0,0
EDU 512 SEM 1,The Arts and Education,16W,3.0,3:00p-5:50p,15:00,17:50,Razia Iram Sadik,,1,0,0,0,0,0,0
EDU 515 SEM 1,"Education and Happiness: Combining learning with
hope and positivity",16W,3.0,8:00a-10:50a,08:00,10:50,Irfan Muzaffar,,0,0,0,0,1,0,0
EDU 526 LEC 1,"Enhancing Inclusion: Exploring Autism and
Intellectual Disability",16W,3.0,1:00p-2:15p,13:00,14:15,Mariam Haider,,0,1,0,1,0,0,0
EDU 540 LEC 1,Leadership: The Politics of Change,16W,3.0,8:00a-9:15a,08:00,09:15,Mariam Chughtai,,0,1,0,1,0,0,0
EDU 560 SEM 1,Research Methods,16W,3.0,8:00a-10:50a,08:00,10:50,"Soufia Anis Siddiqi
Ahmad Ayub",,0,0,0,0,1,0,0
EDU 590 FLD 1,Observing Schools,16W,1.0,10:30a-4:20p,10:30,16:20,Hasham Nasir,,0,0,1,0,0,0,0
EDU 643 LEC 1,"Contemporary Management Concepts in
Educational Leadership",16W,3.0,2:30p-3:45p,14:30,15:45,TBA,,1,0,1,0,0,0,0
EDU 690 SEM 1,Practicum Proseminar,16W,3.0,8:00a-10:50a,08:00,10:50,Gulab Khan,,0,0,0,0,1,0,0
EDU 690 SEM 2,Practicum Proseminar,16W,3.0,2:00p-4:50p,14:00,16:50,Soufia Anis Siddiqi,,0,0,0,0,1,0,0
EDU 693 LEC 1,Academic Writing,16W,1.0,12:00p-12:50p,12:00,12:50,Sannia Hussain,,0,0,0,0,1,0,0
EDUX 510 LEC 1,"Interdisciplinary Theoretical Perspectives on
Education",EDUX(Alternate Sat-Sun),3.0,1:00p-2:50p,13:00,14:50,TBA,,0,0,0,0,0,1,1
EDUX 526 LEC 1,Professional Learning in Education,EDUX(Alternate Sat-Sun),3.0,12:00p-1:50p,12:00,13:50,Jessica Albrent,,0,0,0,0,0,1,1
EDUX 540 LEC 1,Leadership: The Politics of Change,EDUX(Alternate Sat-Sun),3.0,4:00p-5:50p,16:00,17:50,"Jessica Albrent
Hasham Nasir",,0,0,0,0,0,1,1
EDUX 560 LEC 1,Research Methods,EDUX(Alternate Sat-Sun),3.0,8:00a-9:50a,08:00,09:50,TBA,,0,0,0,0,0,1,1
EDUX 590 FLD 1,Observing Schools,EDUX(Alternate Sat-Sun),1.0,10:00a-11:30a,10:00,11:30,Hasham Nasir,,0,0,0,0,0,1,1
EDUX 616 LEC 1,"Arts-Based Research: Exploring Creative Practices
in Educational Inquiry",EDUX(Alternate Sat-Sun),3.0,3:00p-4:50p,15:00,16:50,Razia Iram Sadik,,0,0,0,0,0,1,1
EDUX 662 LEC 1,Impact Evaluation Methods in Education,EDUX(Alternate Sat-Sun),3.0,2:00p-3:50p,14:00,15:50,Farah Nadeem,,0,0,0,0,0,1,1
EDUX 690 LEC 1,Practicum Proseminar,EDUX(Alternate Sat-Sun),3.0,8:00a-11:50a,08:00,11:50,Razia Iram Sadik,,0,0,0,0,0,1,1
EDUX 690 LEC 2,Practicum Proseminar,EDUX(Alternate Sat-Sun),3.0,8:00a-11:50a,08:00,11:50,Farah Nadeem,,0,0,0,0,0,1,0
EDUX 693 LEC 1,Academic Writing,EDUX(Alternate Sat-Sun),1.0,10:00a-11:30a,10:00,11:30,Sannia Hussain,,0,0,0,0,0,1,0
EE 200 LAB 1,Sophomore Design Studio,16W,1.0,1:30p-4:20p,13:30,16:20,Talha Manzoor,,0,0,1,0,0,0,0
EE 203 LEC 1,Engineering Models,16W,3.0,9:30a-10:45a,09:30,10:45,Hassan Mohy-ud-Din,,0,1,0,1,0,0,0
EE 240 LEC 1,Circuits I,16W,3.0,1:00p-2:15p,13:00,14:15,Zubair Khalid,,0,1,0,1,0,0,0
EE 324 LEC 1,Microcontroller and Interfacing,16W,2.0,2:00p-2:50p,14:00,14:50,Muhammad Jahangir Ikram,,1,0,1,0,0,0,0
EE 324L LAB 1,Microcontroller and Interfacing Lab,16W,1.0,11:00a-1:50p,11:00,13:50,Muhammad Jahangir Ikram,,0,1,0,0,0,0,0
EE 324L LAB 2,Microcontroller and Interfacing Lab,16W,1.0,3:00p-5:50p,15:00,17:50,Muhammad Jahangir Ikram,,0,0,0,1,0,0,0
EE 330 LEC 1,Electromagnetic Fields and Waves,16W,3.0,9:30a-10:45a,09:30,10:45,Muhammad Imran Cheema,PHY 305,1,0,1,0,0,0,0
PHY 305 LEC 1,Electromagnetic Fields and Waves,16W,3.0,9:30a-10:45a,09:30,10:45,Muhammad Imran Cheema,EE 330,1,0,1,0,0,0,0
EE 340 LEC 1,Devices and Electronics,16W,3.0,12:30p-1:45p,12:30,13:45,Nauman Ahmad Zaffar,,1,0,1,0,0,0,0
EE 340L LAB 1,Devices and Electronics Lab,16W,1.0,2:00p-4:50p,14:00,16:50,Nauman Ahmad Zaffar,,0,1,0,0,0,0,0
EE 340L LAB 2,Devices and Electronics Lab,16W,1.0,2:00p-4:50p,14:00,16:50,Nauman Ahmad Zaffar,,0,0,0,0,1,0,0
EE 340L LAB 3,Devices and Electronics Lab,16W,1.0,3:00p-5:50p,15:00,17:50,Nauman Ahmad Zaffar,,0,0,1,0,0,0,0
EE 380 LEC 1,Communication Systems,16W,3.0,11:00a-12:15p,11:00,12:15,Ijaz Haider Naqvi,,1,0,1,0,0,0,0
EE 380L LAB 1,Communication Systems Lab,16W,1.0,2:00p-4:50p,14:00,16:50,"Ahsan Ikram
Ijaz Haider Naqvi",,0,0,0,0,1,0,0
EE 380L LAB 2,Communication Systems Lab,16W,1.0,2:30p-5:20p,14:30,17:20,"Ahsan Ikram
Ijaz Haider Naqvi",,0,1,0,0,0,0,0
EE 380L LAB 3,Communication Systems Lab,16W,1.0,10:00a-12:50p,10:00,12:50,Ijaz Haider Naqvi,,0,0,0,0,1,0,0
EE 414 LEC 1,Deep Learning,16W,3.0,11:30a-12:45p,11:30,12:45,Hassan Mohy-ud-Din,EE 517/CS 437/CS 5317,0,1,0,1,0,0,0
EE 517/CS 437/CS 5317 LEC 1,Deep Learning,16W,3.0,11:30a-12:45p,11:30,12:45,Hassan Mohy-ud-Din,EE 414,0,1,0,1,0,0,0
EE 421 LEC 1,Digital System Design,16W,3.0,11:30a-12:45p,11:30,12:45,Shahid Masud,CS 425,1,0,1,0,0,0,0
CS 425 LEC 1,Digital System Design,16W,3.0,11:30a-12:45p,11:30,12:45,Shahid Masud,EE 421,1,0,1,0,0,0,0
EE 421L LAB 1,Digital System Design Lab,16W,1.0,10:00a-12:50p,10:00,12:50,Shahid Masud,CS 425L,0,0,0,0,1,0,0
CS 425L LAB 1,Digital System Design Lab,16W,1.0,10:00a-12:50p,10:00,12:50,Shahid Masud,EE 421L,0,0,0,0,1,0,0
EE 452 LEC 1,Power Electronics,16W,3.0,1:30p-2:45p,13:30,14:45,Hafsa Qamar,EE 552,1,0,1,0,0,0,0
EE 552 LEC 1,Power Electronics,16W,3.0,1:30p-2:45p,13:30,14:45,Hafsa Qamar,EE 452,1,0,1,0,0,0,0
EE 452L LAB 1,Power Electronics Lab,16W,1.0,11:30a-2:20p,11:30,14:20,Hafsa Qamar,EE 552L,0,1,0,0,0,0,0
EE 552L LAB 1,Power Electronics Lab,16W,1.0,11:30a-2:20p,11:30,14:20,Hafsa Qamar,EE 452L,0,1,0,0,0,0,0
EE 452L LAB 2,Power Electronics Lab,16W,1.0,10:30a-1:20p,10:30,13:20,Hafsa Qamar,EE 552L,0,0,1,0,0,0,0
EE 552L LAB 2,Power Electronics Lab,16W,1.0,10:30a-1:20p,10:30,13:20,Hafsa Qamar,EE 452L,0,0,1,0,0,0,0
EE 453 LEC 1,Power Systems Protection and Stability,16W,3.0,3:00p-4:15p,15:00,16:15,Raheel Zafar,EE 559,1,0,1,0,0,0,0
EE 559 LEC 1,Power Systems Protection and Stability,16W,3.0,3:00p-4:15p,15:00,16:15,Raheel Zafar,EE 453,1,0,1,0,0,0,0
EE 453L LAB 1,Power Systems Protection and Stability,16W,1.0,3:00p-5:50p,15:00,17:50,Raheel Zafar,EE 559L,0,0,0,0,1,0,0
EE 559L LAB 1,Power Systems Protection and Stability,16W,1.0,3:00p-5:50p,15:00,17:50,Raheel Zafar,EE 453L,0,0,0,0,1,0,0
EE 5102 LEC 1,Advanced Topics in Machine Learning,16W,3.0,4:30p-5:45p,16:30,17:45,Muhammad Tahir,,1,0,1,0,0,0,0
EE 520 LEC 1,Computer Architecture,16W,3.0,4:30p-5:45p,16:30,17:45,Muhammad Adeel Ahmed Pasha,CS 622,1,0,1,0,0,0,0
CS 622 LEC 1,Computer Architecture,16W,3.0,4:30p-5:45p,16:30,17:45,Muhammad Adeel Ahmed Pasha,EE 520,1,0,1,0,0,0,0
EE 5202 LEC 1,VLSI Design for Artificial Intelligence,16W,3.0,4:30p-5:45p,16:30,17:45,Muhammad Ali Siddiqi,,1,0,1,0,0,0,0
EE 5203 LEC 1,"Data Analysis, Design of Experiments and Physics
Informed ML",16W,3.0,9:30a-10:45a,09:30,10:45,Nauman Zafar Butt,,0,1,0,1,0,0,0
EE 5216 LEC 1,Hardware Design for IoT Security,16W,3.0,10:00a-11:15a,10:00,11:15,Muhammad Ali Siddiqi,CS 595,1,0,1,0,0,0,0
CS 595 LEC 1,Hardware Design for IoT Security,16W,3.0,10:00a-11:15a,10:00,11:15,Muhammad Ali Siddiqi,EE 5216,1,0,1,0,0,0,0
EE 5502 LEC 1,Local Solutions for Energy Access,16W,3.0,9:00a-10:15a,09:00,10:15,"Naveed Arshad
Nauman Ahmad Zaffar",,1,0,1,0,0,0,0
EE 555 LEC 1,Renewable Energy Systems,16W,3.0,4:30p-5:45p,16:30,17:45,Hassan Abbas Khan,,1,0,1,0,0,0,0
EE 567 LEC 1,Multi-agent Systems,16W,3.0,9:30a-10:45a,09:30,10:45,Hassan Jaleel,CS 6315,0,1,0,1,0,0,0
CS 6315 LEC 1,Multi-agent Systems,16W,3.0,9:30a-10:45a,09:30,10:45,Hassan Jaleel,EE 567,0,1,0,1,0,0,0
EE 576 LEC 1,Smart Grid: Technology and Applications,16W,3.0,4:30p-5:45p,16:30,17:45,Naveed Ul Hassan,,0,1,0,1,0,0,0
EMBA 5013 LEC 1,"Understanding Financial Accounting: Making More
Authoritative Decisions",M01,1.0,8:30a-10:35a,08:30,10:35,Asad Alam,,0,0,0,0,0,1,1
EMBA 5013 LEC 2,"Understanding Financial Accounting: Making More
Authoritative Decisions",M01,1.0,10:55a-1:00p,10:55,13:00,Asad Alam,,0,0,0,0,0,1,1
EMBA 5022 LEC 1,Corporate Finance,M04,1.0,10:55a-1:00p,10:55,13:00,Syed Mubashir Ali,,0,0,0,0,0,1,1
EMBA 5022 LEC 2,Corporate Finance,M04,1.0,2:00p-4:05p,14:00,16:05,Syed Mubashir Ali,,0,0,0,0,0,1,1
EMBA 5041 LEC 1,Marketing Management,M01,1.0,2:00p-4:05p,14:00,16:05,Ehsan Ul Haque,,0,0,0,0,0,1,1
EMBA 5041 LEC 2,Marketing Management,M01,1.0,8:30a-10:35a,08:30,10:35,Ehsan Ul Haque,,0,0,0,0,0,1,1
EMBA 5063 LEC 1,Problem Solving and Decision Making,M01,1.0,10:55a-1:00p,10:55,13:00,Jamshed Hasan Khan,,0,0,0,0,0,1,1
EMBA 5063 LEC 2,Problem Solving and Decision Making,M01,1.0,2:00p-4:05p,14:00,16:05,Jamshed Hasan Khan,,0,0,0,0,0,1,1
EMBA 5211 LEC 1,Business Law,M04,1.0,8:30a-10:35a,08:30,10:35,Faiza Ali,,0,0,0,0,0,1,1
EMBA 5211 LEC 2,Business Law,M04,1.0,10:55a-1:00p,10:55,13:00,Faiza Ali,,0,0,0,0,0,1,1
EMBA 6071 LEC 1,Venture Creation,M04,1.0,2:00p-4:05p,14:00,16:05,Mansoor Nawaz,,0,0,0,0,0,1,1
EMBA 6071 LEC 2,Venture Creation,M04,1.0,8:30a-10:35a,08:30,10:35,Mansoor Nawaz,,0,0,0,0,0,1,1
ENGG 100 LAB 1,Design and Measurement Lab,16W,2.0,9:00a-1:50p,09:00,13:50,Qasim Imtiaz,,0,0,1,0,0,0,0
ENGG 100 LAB 2,Design and Measurement Lab,16W,2.0,9:00a-1:50p,09:00,13:50,"Muhammad Umar Hassan
Ammar Ahmed Khan",,0,0,0,1,0,0,0
ENGG 100 LAB 3,Design and Measurement Lab,16W,2.0,9:00a-1:50p,09:00,13:50,"Muhammad Umar Hassan
Ammar Ahmed Khan",,0,1,0,0,0,0,0
ENGG 100 LAB 4,Design and Measurement Lab,16W,2.0,9:00a-1:50p,09:00,13:50,Zubair Khalid,,1,0,0,0,0,0,0
ENGG 100 LAB 5,Design and Measurement Lab,16W,2.0,1:30p-6:20p,13:30,18:20,Muhammad Tahir,,0,0,0,1,0,0,0
ENGG 100 LEC 1,Design and Measurement Lab,16W,2.0,8:00a-8:50a,08:00,08:50,Qasim Imtiaz,,0,0,1,0,0,0,0
ENGG 100 LEC 2,Design and Measurement Lab,16W,2.0,8:00a-8:50a,08:00,08:50,"Muhammad Umar Hassan
Ammar Ahmed Khan",,0,0,0,1,0,0,0
ENGG 100 LEC 3,Design and Measurement Lab,16W,2.0,8:00a-8:50a,08:00,08:50,"Muhammad Umar Hassan
Ammar Ahmed Khan",,0,1,0,0,0,0,0
ENGG 100 LEC 4,Design and Measurement Lab,16W,2.0,8:00a-8:50a,08:00,08:50,Zubair Khalid,,1,0,0,0,0,0,0
ENGG 100 LEC 5,Design and Measurement Lab,16W,2.0,12:30p-1:20p,12:30,13:20,Muhammad Tahir,,0,0,0,1,0,0,0
ENGL 1000 LEC 1,Introduction to Literature in English,16W,4.0,2:00p-3:50p,14:00,15:50,Tom Edward Sewel,,0,1,0,1,0,0,0
ENGL 1102 LEC 1,Writing South Asia,16W,4.0,4:30p-6:20p,16:30,18:20,Younis Bin Azeem,,0,1,0,1,0,0,0
ENGL 1192 LEC 1,Introduction to Humour Writing,16W,4.0,2:00p-3:50p,14:00,15:50,Younis Bin Azeem,,1,0,1,0,0,0,0
ENGL 2402 LEC 1,Comics Scholarship and Graphic Narrative,16W,4.0,8:00a-9:50a,08:00,09:50,Tom Edward Sewel,,1,0,1,0,0,0,0
ENGL 2811 LEC 1,"Rethinking the Politics of Harem in Literature:
Women, Islam, and Gendered Spaces",16W,4.0,12:00p-1:50p,12:00,13:50,Sadia Zulfiqar,GSS 262,1,0,1,0,0,0,0
GSS 262 LEC 1,"Rethinking the Politics of Harem in Literature:
Women, Islam, and Gendered Spaces",16W,4.0,12:00p-1:50p,12:00,13:50,Sadia Zulfiqar,ENGL 2811,1,0,1,0,0,0,0
ENGL 2991 LEC 1,"Text and Tech: Digital Approaches to the
Humanities",16W,4.0,8:00a-9:50a,08:00,09:50,TBA,,0,1,0,1,0,0,0
ENGL 3172 LEC 1,"'The Empire Writes Backâ: Diaspora Fiction in
Europe",16W,4.0,8:00a-9:50a,08:00,09:50,Farah Hasan Ali,GSS 362,1,0,1,0,0,0,0
GSS 362 LEC 1,"'The Empire Writes Backâ: Diaspora Fiction in
Europe",16W,4.0,8:00a-9:50a,08:00,09:50,Farah Hasan Ali,ENGL 3172,1,0,1,0,0,0,0
ENGL 3812 LEC 1,African Literature: Women Writing Back,16W,4.0,12:00p-1:50p,12:00,13:50,Furrukh A. Khan,GSS 363,1,0,1,0,0,0,0
GSS 363 LEC 1,African Literature: Women Writing Back,16W,4.0,12:00p-1:50p,12:00,13:50,Furrukh A. Khan,ENGL 3812,1,0,1,0,0,0,0
ENV 102 LEC 1,Introduction to Environmental Studies,16W,4.0,10:00a-11:50a,10:00,11:50,Maryam Ibrahim,,0,1,0,1,0,0,0
ENV 132 LEC 1,Disasters,16W,4.0,2:00p-3:50p,14:00,15:50,Sana Khosa,SOC 122,0,1,0,1,0,0,0
SOC 122 LEC 1,Disasters,16W,4.0,2:00p-3:50p,14:00,15:50,Sana Khosa,ENV 132,0,1,0,1,0,0,0
ENV 210 LEC 1,Methods in Environmental Studies,16W,4.0,12:00p-1:50p,12:00,13:50,TBA,,1,0,1,0,0,0,0
ENV 342 LEC 1,Environmentalism and Development,16W,4.0,3:00p-4:50p,15:00,16:50,Maryam Ibrahim,SOC 324,1,0,1,0,0,0,0
SOC 324 LEC 1,Environmentalism and Development,16W,4.0,3:00p-4:50p,15:00,16:50,Maryam Ibrahim,ENV 342,1,0,1,0,0,0,0
FINN 100 LEC 1,Principles of Finance,16W,3.0,9:30a-10:45a,09:30,10:45,Salman Khan,,1,0,1,0,0,0,0
FINN 200 LEC 1,Intermediate Finance,16W,3.0,11:00a-12:15p,11:00,12:15,Bushra Naqvi,,1,0,1,0,0,0,0
FINN 200 LEC 2,Intermediate Finance,16W,3.0,8:00a-9:15a,08:00,09:15,Syed Hashim Mahmood Ali,,1,0,1,0,0,0,0
FINN 200 LEC 3,Intermediate Finance,16W,3.0,9:30a-10:45a,09:30,10:45,Syed Hashim Mahmood Ali,,1,0,1,0,0,0,0
FINN 243 LEC 1,"Fintech Revolution: Market Disruption and
Emerging Opportunities",16W,3.0,5:00p-6:15p,17:00,18:15,Syed Hashim Mahmood Ali,,0,1,0,1,0,0,0
FINN 372 LEC 1,Actuarial Sciences and Insurance,16W,3.0,12:30p-1:45p,12:30,13:45,Nauman Afzal Cheema,,0,1,0,1,0,0,0
FINN 373 LEC 1,Fundamentals of Actuarial Mathematics I,16W,3.0,5:00p-6:15p,17:00,18:15,TBA,,0,1,0,1,0,0,0
FINN 400 LEC 1,Applied Corporate Finance,16W,3.0,2:00p-3:15p,14:00,15:15,Saad Azmat,,0,1,0,1,0,0,0
FINN 403 LEC 1,Financial Modelling,16W,3.0,11:00a-12:15p,11:00,12:15,Talha Farrukh,,0,1,0,1,0,0,0
FINN 441 LEC 1,Islamic Banking and Finance,16W,3.0,3:30p-4:45p,15:30,16:45,Saad Azmat,,0,1,0,1,0,0,0
FINN 454 LEC 1,Portfolio Management,16W,3.0,11:00a-12:15p,11:00,12:15,Syed Kumail Abbas Rizvi,,1,0,1,0,0,0,0
FINN 7201 LEC 1,Mathematical Modeling,16W,3.0,9:30a-12:30p,09:30,12:30,TBA,,0,0,1,0,0,0,0
FINN 8001 SEM 1,Seminar in Islamic and Corporate Finance,16W,3.0,10:30a-1:30p,10:30,13:30,Saad Azmat,,0,0,0,1,0,0,0
FINN 8401 SEM 1,"Seminar in Financial Intermediation and
Regualatory Framework",16W,3.0,12:30p-3:30p,12:30,15:30,Bushra Naqvi,,0,1,0,0,0,0,0
FMG 5101 LEC 1,Financial Statement Analysis and Value Creation,MS1,3.0,10:45a-12:45p,10:45,12:45,Syed Kumail Abbas Rizvi,,0,0,0,0,1,1,1
GSL 102 SEM 1,Chinese Language for Beginners (HSK Level 1),16W,4.0,2:00p-3:50p,14:00,15:50,Hui Qi,,0,1,0,1,0,0,0
GSL 102 SEM 2,Chinese Language for Beginners (HSK Level 1),16W,4.0,4:00p-5:50p,16:00,17:50,Sikandar Ahmed Shah,,0,1,0,1,0,0,0
GSL 202 LEC 1,Writing from the Trial,16W,4.0,11:00a-12:50p,11:00,12:50,Sarah Humayun,,1,0,1,0,0,0,0
GSS 264 LEC 1,"Master Narratives: Minding Gender and Media
Gaps",16W,4.0,12:00p-1:50p,12:00,13:50,Maria Amir,,0,1,0,1,0,0,0
GSS 302 LEC 1,Feminist Theory,16W,4.0,4:00p-5:50p,16:00,17:50,Maria Amir,SOC 363/POL 367,0,1,0,1,0,0,0
SOC 363/POL 367 LEC 1,Feminist Theory,16W,4.0,4:00p-5:50p,16:00,17:50,Maria Amir,GSS 302,0,1,0,1,0,0,0
HIST 122 LEC 1,East Asian History,16W,4.0,11:00a-12:50p,11:00,12:50,Hassan Haider Karrar,,0,1,0,1,0,0,0
HIST 124 LEC 1,The World Since 1453,16W,4.0,4:00p-5:50p,16:00,17:50,Ameem Lutfi,,1,0,1,0,0,0,0
HIST 2203 LEC 1,Making of Modern Afghanistan,16W,4.0,4:00p-5:50p,16:00,17:50,Jahanzeb Baloch,POL 267,1,0,1,0,0,0,0
POL 267 LEC 1,Making of Modern Afghanistan,16W,4.0,4:00p-5:50p,16:00,17:50,Jahanzeb Baloch,HIST 2203,1,0,1,0,0,0,0
HIST 2322 LEC 1,A Brief history of Evil,16W,4.0,11:00a-12:50p,11:00,12:50,Muhammad Ali Raza,,0,1,0,1,0,0,0
HIST 2324 LEC 1,"Conceptual Understanding of Borders and
Borderlands Studies",16W,4.0,2:00p-3:50p,14:00,15:50,Ilyas Ahmad Chattha,SOC 239,1,0,1,0,0,0,0
SOC 239 LEC 1,"Conceptual Understanding of Borders and
Borderlands Studies",16W,4.0,2:00p-3:50p,14:00,15:50,Ilyas Ahmad Chattha,HIST 2324,1,0,1,0,0,0,0
HIST 314 LEC 1,19th Century Sikh Wall Paintings in Punjab,16W,4.0,2:00p-3:50p,14:00,15:50,Nadhra Shahbaz Naeem Khan,,1,0,1,0,0,0,0
HIST 3202 LEC 1,Civil War in the 20th Century,16W,4.0,2:00p-3:50p,14:00,15:50,Ilyas Ahmad Chattha,,0,1,0,1,0,0,0
HIST 329 LEC 1,The Cold War,16W,4.0,1:30p-3:20p,13:30,15:20,Hassan Haider Karrar,,0,1,0,1,0,0,0
HIST 3310 LEC 1,"The Atomic Age: Control, Confrontation, Disaster",16W,4.0,12:00p-1:50p,12:00,13:50,Waqar Zaidi,POL 334,1,0,1,0,0,0,0
POL 334 LEC 1,"The Atomic Age: Control, Confrontation, Disaster",16W,4.0,12:00p-1:50p,12:00,13:50,Waqar Zaidi,HIST 3310,1,0,1,0,0,0,0
HIST 427 LEC 1,"Walking in the City: Mapping Everyday Life in
Lahore",16W,4.0,4:00p-5:50p,16:00,17:50,Ali Usman Qasmi,,0,0,1,0,1,0,0
HMI 6202 LEC 1,Healthcare Operations Management,MS1,3.0,8:30a-10:30a,08:30,10:30,Hassan Rauf Chaudhry,,0,0,0,0,1,1,1
LANG 1202 LEC 1,Arabic for Quran,16W,4.0,2:30p-4:20p,14:30,16:20,Hafiz Abdul Qadeer,,0,0,1,0,1,0,0
LANG 122 LEC 1,Introduction to Balochi Language,16W,4.0,10:00a-11:50a,10:00,11:50,Jahanzeb Baloch,,0,1,0,1,0,0,0
LANG 123 LEC 1,Introduction to Punjabi Language,16W,4.0,4:00p-5:50p,16:00,17:50,Zahid Hussain,,0,1,0,1,0,0,0
LANG 124 LEC 1,Introduction to Arabic Language,16W,4.0,4:30p-6:20p,16:30,18:20,Hafiz Abdul Qadeer,,0,0,1,0,1,0,0
LANG 127 LEC 1,Introduction to Persian Language,16W,4.0,12:00p-1:50p,12:00,13:50,Muhammad Iftikhar,,0,1,0,1,0,0,0
LANG 128 LEC 1,Sindhi for Non-Sindhi Speakers,16W,4.0,4:00p-5:50p,16:00,17:50,Ashok Kumar Khatri,,1,0,1,0,0,0,0
LANG 129 LEC 1,Pashto for Non-Native Speakers,16W,4.0,10:00a-11:50a,10:00,11:50,Imad .,,1,0,1,0,0,0,0
LANG 2203 LEC 1,Pashto: Intermediate Proficiency,16W,4.0,10:00a-11:50a,10:00,11:50,Imad .,,0,1,0,1,0,0,0
LANG 2204 LEC 1,The Art of Reading and Writing Punjabi,16W,4.0,4:00p-5:50p,16:00,17:50,Zahid Hussain,,1,0,1,0,0,0,0
LANG 2205 LEC 1,Sindhi: Intermediate Proficiency,16W,4.0,4:00p-5:50p,16:00,17:50,Ashok Kumar Khatri,,0,1,0,1,0,0,0
LANG 2206 LEC 1,"Contemporary Persian for Social and Professional
Use",16W,4.0,2:30p-4:20p,14:30,16:20,Muhammad Iftikhar,,0,1,0,1,0,0,0
LANG 2207 LEC 1,Enhancing Urdu Reading and Writing Skills,16W,4.0,2:00p-3:50p,14:00,15:50,TBA,,0,1,0,1,0,0,0
LAW 102 LEC 1,Introduction to Pakistan Legal System,16W,4.0,4:00p-5:50p,16:00,17:50,Summaiya Zaidi,,0,1,0,1,0,0,0
LAW 102 LEC 2,Introduction to Pakistan Legal System,16W,4.0,2:00p-3:50p,14:00,15:50,Marva Khan,,1,0,1,0,0,0,0
LAW 102 LEC 3,Introduction to Pakistan Legal System,16W,4.0,4:00p-5:50p,16:00,17:50,TBA,,1,0,1,0,0,0,0
LAW 220 LEC 1,Contracts,16W,4.0,1:00p-2:50p,13:00,14:50,Sheharyar Sikander Hamid,,0,1,0,1,0,0,0
LAW 220 LEC 2,Contracts,16W,4.0,11:30a-1:20p,11:30,13:20,Syeda Zehra Zaidi,,1,0,1,0,0,0,0
LAW 222 LEC 1,Torts,16W,4.0,2:00p-3:50p,14:00,15:50,Syeda Zehra Zaidi,,1,0,1,0,0,0,0
LAW 222 LEC 2,Torts,16W,4.0,3:30p-5:20p,15:30,17:20,Ahmed Hasan Khan,,1,0,1,0,0,0,0
LAW 240 LEC 1,Criminal Law,16W,4.0,10:00a-11:50a,10:00,11:50,Angbeen Atif Mirza,,1,0,1,0,0,0,0
LAW 240 LEC 2,Criminal Law,16W,4.0,4:30p-6:20p,16:30,18:20,Hammad Saeed,,0,1,0,1,0,0,0
LAW 280 LEC 1,"Legal Practice I: Legal Writing and Research
Methods",16W,4.0,2:00p-3:50p,14:00,15:50,Adnan Sattar,,0,1,0,1,0,0,0
LAW 280 LEC 2,"Legal Practice I: Legal Writing and Research
Methods",16W,4.0,4:00p-5:50p,16:00,17:50,Maria Farooq,,0,1,0,1,0,0,0
LAW 303 LEC 1,Advanced Writing from the Trial,16W,4.0,12:00p-1:50p,12:00,13:50,Sarah Humayun,,0,1,0,1,0,0,0
LAW 306 LEC 1,"International Relations and International Law:
Chinese Perspectives",16W,4.0,12:00p-1:50p,12:00,13:50,Syed Hassan Raza,,1,0,1,0,0,0,0
LAW 3203 LEC 1,"Introduction to Legal Aspects of Merger and
Acquisition law in Pakistan",16W,4.0,8:00a-9:50a,08:00,09:50,Ali Awais,,1,0,1,0,0,0,0
LAW 338 LEC 1,"Constitutional and Legal System of the United
Kingdom",16W,4.0,12:00p-1:50p,12:00,13:50,TBA,,0,0,1,0,1,0,0
LAW 352 LEC 1,Public International Law,16W,4.0,10:00a-11:50a,10:00,11:50,Sikandar Ahmed Shah,,1,0,1,0,0,0,0
LAW 352 LEC 2,Public International Law,16W,4.0,2:00p-3:50p,14:00,15:50,Madiha Talat,,1,0,1,0,0,0,0
LAW 353 LEC 1,Human Rights,16W,4.0,4:00p-5:50p,16:00,17:50,Adnan Sattar,,0,1,0,1,0,0,0
LAW 426 LEC 1,Marxist Theories of Law,16W,4.0,12:00p-1:50p,12:00,13:50,Aisha Ahmad,,0,1,0,1,0,0,0
LAW 427 LEC 1,"Crime, Law and Finance: Wonders of White Color
Crime in Pakistan!",16W,4.0,12:00p-1:50p,12:00,13:50,Faiza .,,1,0,1,0,0,0,0
LAW 4304 LEC 1,Parliamentary Power Play,16W,4.0,10:00a-11:50a,10:00,11:50,Marva Khan,,1,0,1,0,0,0,0
LAW 4305 SEM 1,The Jurisprudence of Extractivism,16W,4.0,4:00p-5:50p,16:00,17:50,Asad Farooq,,0,1,0,1,0,0,0
LAW 4306 LEC 1,"Judicial Review Of Public Actions: Writ Jurisdiction
In Pakistan",16W,4.0,8:00a-9:50a,08:00,09:50,Zaki Rahman,,0,0,1,0,1,0,0
LAW 4505 SEM 1,"Business and Human Rights: A Critical Legal
Perspective from the South",16W,4.0,12:00p-1:50p,12:00,13:50,Muhammad Azeem,,0,1,0,1,0,0,0
LAW 471 LEC 1,Civil Procedure,16W,4.0,3:00p-4:50p,15:00,16:50,Muhammad Umar Ali,,0,0,1,0,1,0,0
LAW 471 LEC 2,Civil Procedure,16W,4.0,4:00p-5:50p,16:00,17:50,Fahad Malik,,0,0,1,0,1,0,0
LAW 472 LEC 1,Criminal Procedure,16W,4.0,4:00p-5:50p,16:00,17:50,Haider Rasul Mirza,,0,0,1,0,1,0,0
LAW 4812 LEC 1,Legal Practice II: Legal Instruments,16W,4.0,4:00p-5:50p,16:00,17:50,Muhammad Umar Ali,,0,1,0,1,0,0,0
LAW 4812 LEC 2,Legal Practice II: Legal Instruments,16W,4.0,2:00p-3:50p,14:00,15:50,Summaiya Zaidi,,0,1,0,1,0,0,0
LAW 4812 LEC 3,Legal Practice II: Legal Instruments,16W,4.0,4:00p-5:50p,16:00,17:50,TBA,,0,1,0,1,0,0,0
LAW 486 LEC 1,Advanced Legal Research,16W,4.0,8:00a-9:50a,08:00,09:50,TBA,,0,1,0,1,0,0,0
LAW 4924 LEC 1,Prison Paralegal Clinic,16W,4.0,10:00a-11:50a,10:00,11:50,Angbeen Atif Mirza,,0,1,0,1,0,0,0
MATH 100 LEC 1,Pre-Calculus,16W,3.0,12:30p-1:45p,12:30,13:45,TBA,,1,0,1,0,0,0,0
MATH 100 LEC 2,Pre-Calculus,16W,3.0,8:00a-9:15a,08:00,09:15,TBA,,0,1,0,1,0,0,0
MATH 101 LEC 1,Calculus I,16W,3.0,12:30p-1:45p,12:30,13:45,Haniya Azam,,1,0,1,0,0,0,0
MATH 101 LEC 2,Calculus I,16W,3.0,8:00a-9:15a,08:00,09:15,TBA,,0,1,0,1,0,0,0
MATH 101 LEC 3,Calculus I,16W,3.0,2:00p-3:15p,14:00,15:15,TBA,,1,0,1,0,0,0,0
MATH 101 LEC 4,Calculus I,16W,3.0,10:30a-11:45a,10:30,11:45,TBA,,0,1,0,1,0,0,0
MATH 101 LEC 5,Calculus I,16W,3.0,5:00p-6:15p,17:00,18:15,TBA,,1,0,1,0,0,0,0
MATH 101 LEC 6,Calculus I,16W,3.0,3:30p-4:45p,15:30,16:45,TBA,,1,0,1,0,0,0,0
MATH 101H LEC 1,Calculus I (Honours),16W,3.0,10:30a-11:45a,10:30,11:45,Waqas Ali Azhar,,0,1,0,1,0,0,0
MATH 102 LEC 1,Calculus II,16W,3.0,4:30p-5:45p,16:30,17:45,TBA,,1,0,1,0,0,0,0
MATH 102 LEC 2,Calculus II,16W,3.0,11:30a-12:45p,11:30,12:45,Masood Hussain Shah,,0,1,0,1,0,0,0
MATH 120 LEC 1,Linear Algebra with Differential Equations,16W,3.0,5:00p-6:15p,17:00,18:15,Imran Naeem,,1,0,1,0,0,0,0
MATH 120 LEC 2,Linear Algebra with Differential Equations,16W,3.0,8:00a-9:15a,08:00,09:15,TBA,,0,1,0,1,0,0,0
MATH 204 LEC 1,Introduction to Formal Mathematics,16W,3.0,1:30p-2:45p,13:30,14:45,Shaheen Nazir,,1,0,1,0,0,0,0
MATH 210 LEC 1,Introduction to Differential Equations,16W,3.0,5:00p-6:15p,17:00,18:15,Ali Ashher Zaidi,,0,1,0,1,0,0,0
MATH 222 LEC 1,Linear Algebra II,16W,3.0,12:30p-1:45p,12:30,13:45,Haniya Azam,,0,1,0,1,0,0,0
MATH 230 LEC 1,Probability,16W,3.0,11:30a-12:45p,11:30,12:45,Reza Abdolmaleki,,1,0,1,0,0,0,0
MATH 300 LEC 1,Complex Variables,16W,3.0,5:00p-6:15p,17:00,18:15,Shaheen Nazir,,1,0,1,0,0,0,0
MATH 309 LEC 1,Introduction to Analysis II,16W,3.0,3:00p-4:15p,15:00,16:15,Waqas Ali Azhar,,1,0,1,0,0,0,0
MATH 341 LEC 1,Operations Research I,16W,3.0,8:00a-9:15a,08:00,09:15,Kamran Rashid,MATH 547,1,0,1,0,0,0,0
MATH 547 LEC 1,Operations Research I,16W,3.0,8:00a-9:15a,08:00,09:15,Kamran Rashid,MATH 341,1,0,1,0,0,0,0
MATH 414 LEC 1,Symmetry Methods for Differential Equations,16W,3.0,11:30a-12:45p,11:30,12:45,Imran Naeem,MATH 514/PHY 519,1,0,1,0,0,0,0
MATH 514/PHY 519 LEC 1,Symmetry Methods for Differential Equations,16W,3.0,11:30a-12:45p,11:30,12:45,Imran Naeem,MATH 414,1,0,1,0,0,0,0
MATH 4418 LEC 1,Numerical Linear Algebra,16W,3.0,1:00p-2:15p,13:00,14:15,Reza Abdolmaleki,MATH 543,1,0,1,0,0,0,0
MATH 543 LEC 1,Numerical Linear Algebra,16W,3.0,1:00p-2:15p,13:00,14:15,Reza Abdolmaleki,MATH 4418,1,0,1,0,0,0,0
MATH 521 LEC 1,Advanced Algebra,16W,3.0,10:00a-11:15a,10:00,11:15,Imran Anwar,,0,1,0,1,0,0,0
MATH 5300 LEC 1,Probability and Statistical Analysis,16W,3.0,1:00p-2:15p,13:00,14:15,Sultan Sial,,0,1,0,1,0,0,0
MECO 111 LEC 1,Principles of Microeconomics,16W,3.0,2:00p-3:15p,14:00,15:15,Sameen Zafar,,1,0,1,0,0,0,0
MECO 111 LEC 2,Principles of Microeconomics,16W,3.0,3:30p-4:45p,15:30,16:45,Sameen Zafar,,1,0,1,0,0,0,0
MECO 111 LEC 3,Principles of Microeconomics,16W,3.0,9:30a-10:45a,09:30,10:45,Ummad Mazhar,,0,1,0,1,0,0,0
MECO 111 LEC 4,Principles of Microeconomics,16W,3.0,11:00a-12:15p,11:00,12:15,Ummad Mazhar,,0,1,0,1,0,0,0
MECO 111 LEC 5,Principles of Microeconomics,16W,3.0,2:00p-3:15p,14:00,15:15,Rabia Khan,,0,1,0,1,0,0,0
MECO 111 LEC 6,Principles of Microeconomics,16W,3.0,3:30p-4:45p,15:30,16:45,TBA,,1,0,1,0,0,0,0
MECO 111 LEC 7,Principles of Microeconomics,16W,3.0,5:00p-6:15p,17:00,18:15,TBA,,1,0,1,0,0,0,0
MECO 2201 LEC 1,Introduction to Business Economics,SDSB-Foundation,1.5,4:30p-6:40p,16:30,18:40,Ummad Mazhar,,1,0,0,1,1,1,1
MECO 2201 LEC 2,Introduction to Business Economics,SDSB-Foundation,1.5,8:30a-10:40a,08:30,10:40,TBA,,1,0,0,1,1,1,1
MECO 5201 LEC 1,Business Economics,MS1,1.5,8:30a-10:30a,08:30,10:30,Ummad Mazhar,,0,0,0,0,1,1,1
MECO 5201 LEC 2,Business Economics,MS1,1.5,4:15p-6:15p,16:15,18:15,Misbah Tanveer Chaudhry,,0,0,0,0,1,1,1
MECO 5201 LEC 3,Business Economics,MS1,1.5,10:45a-12:45p,10:45,12:45,Misbah Tanveer Chaudhry,,0,0,0,0,1,1,1
MECO 7301 LEC 1,Economic Theory,16W,3.0,3:00p-6:00p,15:00,18:00,Misbah Tanveer Chaudhry,,0,1,0,0,0,0,0
MGMT 142 LEC 1,Principles of Management,16W,3.0,2:00p-3:15p,14:00,15:15,Mujeeb Rashid,,0,1,0,1,0,0,0
MGMT 142 LEC 2,Principles of Management,16W,3.0,9:30a-10:45a,09:30,10:45,Fareed Ud Din Farooq Qureshi,,0,1,0,1,0,0,0
MGMT 142 LEC 3,Principles of Management,16W,3.0,11:00a-12:15p,11:00,12:15,Fareed Ud Din Farooq Qureshi,,0,1,0,1,0,0,0
MGMT 142 LEC 4,Principles of Management,16W,3.0,9:30a-10:45a,09:30,10:45,Afaf Khalid,,0,1,0,1,0,0,0
MGMT 142 LEC 5,Principles of Management,16W,3.0,11:00a-12:15p,11:00,12:15,Mohsin Bashir,,1,0,1,0,0,0,0
MGMT 142 LEC 6,Principles of Management,16W,3.0,2:00p-3:15p,14:00,15:15,TBA,,1,0,1,0,0,0,0
MGMT 142 LEC 7,Principles of Management,16W,3.0,2:00p-3:15p,14:00,15:15,TBA,,0,1,0,1,0,0,0
MGMT 212 LEC 1,Business Communication,16W,3.0,11:00a-12:15p,11:00,12:15,Aneka Fahima Sufi,,0,1,0,1,0,0,0
MGMT 212 LEC 2,Business Communication,16W,3.0,2:00p-3:15p,14:00,15:15,Aneka Fahima Sufi,,0,1,0,1,0,0,0
MGMT 212 LEC 3,Business Communication,16W,3.0,9:30a-10:45a,09:30,10:45,Mehr Farhan Cheema,,0,1,0,1,0,0,0
MGMT 212 LEC 4,Business Communication,16W,3.0,11:00a-12:15p,11:00,12:15,Shezeen Salim Hemani,,1,0,1,0,0,0,0
MGMT 212 LEC 5,Business Communication,16W,3.0,12:30p-1:45p,12:30,13:45,Shezeen Salim Hemani,,1,0,1,0,0,0,0
MGMT 242 LEC 1,Business Ethics and Corporate Social Responsibility,16W,3.0,11:00a-12:15p,11:00,12:15,Razi Allah Lone,,0,1,0,1,0,0,0
MGMT 242 LEC 2,Business Ethics and Corporate Social Responsibility,16W,3.0,2:00p-3:15p,14:00,15:15,Razi Allah Lone,,0,1,0,1,0,0,0
MGMT 242 LEC 3,Business Ethics and Corporate Social Responsibility,16W,3.0,3:30p-4:45p,15:30,16:45,Razi Allah Lone,,0,1,0,1,0,0,0
MGMT 243 LEC 1,Public Administration,16W,3.0,11:00a-12:15p,11:00,12:15,Mohsin Bashir,,0,1,0,1,0,0,0
MGMT 247 LEC 1,Public Financial Management,16W,3.0,3:30p-4:45p,15:30,16:45,Sajid Siddique,,0,1,0,1,0,0,0
MGMT 252 LEC 1,Logic and Critical Thinking,16W,3.0,2:00p-3:15p,14:00,15:15,Muhammad Shabbir Ahsen,,1,0,1,0,0,0,0
MGMT 260 LEC 1,Business Law,16W,3.0,8:00a-9:15a,08:00,09:15,Ali Sultan,,1,0,1,0,0,0,0
MGMT 260 LEC 2,Business Law,16W,3.0,9:30a-10:45a,09:30,10:45,Ali Sultan,,1,0,1,0,0,0,0
MGMT 260 LEC 3,Business Law,16W,3.0,11:00a-12:15p,11:00,12:15,Ali Sultan,,1,0,1,0,0,0,0
MGMT 2601 LEC 1,Introduction to Management,SDSB-Foundation,1.5,11:00a-1:10p,11:00,13:10,Faiza Ali,,1,0,0,1,1,1,1
MGMT 2601 LEC 2,Introduction to Management,SDSB-Foundation,1.5,2:00p-4:10p,14:00,16:10,TBA,,1,0,0,1,1,1,1
MGMT 261 LEC 1,Introduction to Policy Analysis,16W,3.0,9:30a-10:45a,09:30,10:45,Ghazal Mir Zulfiqar,,0,1,0,1,0,0,0
MGMT 262 LEC 1,Governance System of Pakistan,16W,3.0,5:00p-6:15p,17:00,18:15,TBA,,1,0,1,0,0,0,0
MGMT 263 LEC 1,Contemporary Social Policy Issues in Pakistan,16W,3.0,12:30p-1:45p,12:30,13:45,Muhammad Ahsan Rana,,0,1,0,1,0,0,0
MGMT 283 LEC 1,Fundamentals of Hospitality Management,16W,3.0,12:30p-1:45p,12:30,13:45,Shireen Waheed,,1,0,1,0,0,0,0
MGMT 343 LEC 1,E-Government,16W,3.0,9:30a-10:45a,09:30,10:45,Shafay Shamail,CS 363,0,1,0,1,0,0,0
CS 363 LEC 1,E-Government,16W,3.0,9:30a-10:45a,09:30,10:45,Shafay Shamail,MGMT 343,0,1,0,1,0,0,0
MGMT 348 LEC 1,Internet Governance and Technology Policy,16W,3.0,5:00p-6:15p,17:00,18:15,TBA,,1,0,1,0,0,0,0
MGMT 386 LEC 1,"Business, Government, and Society",16W,3.0,2:00p-3:15p,14:00,15:15,Ghazal Mir Zulfiqar,,0,1,0,1,0,0,0
MGMT 400 LEC 1,Strategic Business Management,16W,3.0,3:30p-4:45p,15:30,16:45,Adnan Zahid,,0,1,0,1,0,0,0
MGMT 400 LEC 2,Strategic Business Management,16W,3.0,3:30p-4:45p,15:30,16:45,Adnan Zahid,,1,0,1,0,0,0,0
MGMT 400 LEC 3,Strategic Business Management,16W,3.0,9:30a-10:45a,09:30,10:45,Salma Zaman,,0,1,0,1,0,0,0
MGMT 481 LEC 1,Entrepreneurship,16W,3.0,5:00p-6:15p,17:00,18:15,Sahar Arif,,0,1,0,1,0,0,0
MGMT 7501 LEC 1,Philosophy of Administrative Sciences,10-WKS,2.0,2:30p-5:30p,14:30,17:30,Anjum Fayyaz,,0,0,1,0,0,0,0
MGMT 8102 LEC 1,Seminar in Strategic Management,16W,3.0,9:00a-12:00p,09:00,12:00,Salma Zaman,,0,0,1,0,0,0,0
MKTG 201 LEC 1,Principles of Marketing,16W,3.0,12:30p-1:45p,12:30,13:45,Muhammad Asim,,0,1,0,1,0,0,0
MKTG 201 LEC 2,Principles of Marketing,16W,3.0,9:30a-10:45a,09:30,10:45,Mahira Ilyas,,0,1,0,1,0,0,0
MKTG 201 LEC 3,Principles of Marketing,16W,3.0,11:00a-12:15p,11:00,12:15,Mahira Ilyas,,0,1,0,1,0,0,0
MKTG 201 LEC 4,Principles of Marketing,16W,3.0,3:30p-4:45p,15:30,16:45,Khudejah Iqbal Ali,,1,0,1,0,0,0,0
MKTG 2401 LEC 1,Introduction to Marketing,SDSB-Foundation,1.5,8:30a-10:40a,08:30,10:40,Saima Mujtaba Rana,,1,0,0,1,1,1,1
MKTG 2401 LEC 2,Introduction to Marketing,SDSB-Foundation,1.5,4:30p-6:40p,16:30,18:40,TBA,,1,0,0,1,1,1,1
MKTG 302 LEC 1,Using New Media Technologies in Marketing,16W,3.0,3:30p-4:45p,15:30,16:45,TBA,,0,1,0,1,0,0,0
MKTG 324 LEC 1,Integrated Marketing Communications,16W,3.0,3:30p-4:45p,15:30,16:45,TBA,,1,0,1,0,0,0,0
MKTG 332 LEC 1,Consumer Behaviour,16W,3.0,9:30a-10:45a,09:30,10:45,Saima Mujtaba Rana,,0,1,0,1,0,0,0
MKTG 343 LEC 1,Marketing Models,16W,3.0,3:30p-4:45p,15:30,16:45,Muhammad Asim,,0,1,0,1,0,0,0
MKTG 345 LEC 1,Data Analytics for New Product Development,16W,3.0,3:30p-4:45p,15:30,16:45,Muhammad Asim,,1,0,1,0,0,0,0
MKTG 392 LEC 1,Brand Management,16W,3.0,2:00p-3:15p,14:00,15:15,Moeen Naseer Butt,,1,0,1,0,0,0,0
MKTG 5401 LEC 1,Marketing Management,MS1,3.0,10:45a-12:45p,10:45,12:45,Usman Iqbal Bhatty,,0,0,0,0,1,1,1
MKTG 5401 LEC 2,Marketing Management,MS1,3.0,8:30a-10:30a,08:30,10:30,Aaminah Zaman Malik,,0,0,0,0,1,1,1
MKTG 5401 LEC 3,Marketing Management,MS1,3.0,4:15p-6:15p,16:15,18:15,Aaminah Zaman Malik,,0,0,0,0,1,1,1
ORSC 201 LEC 1,Organizational Behaviour,16W,3.0,9:30a-10:45a,09:30,10:45,Faiza Ali,,1,0,1,0,0,0,0
ORSC 201 LEC 2,Organizational Behaviour,16W,3.0,11:00a-12:15p,11:00,12:15,Faiza Ali,,1,0,1,0,0,0,0
ORSC 201 LEC 3,Organizational Behaviour,16W,3.0,11:00a-12:15p,11:00,12:15,Ghulam Ali Arain,,0,1,0,1,0,0,0
ORSC 201 LEC 4,Organizational Behaviour,16W,3.0,12:30p-1:45p,12:30,13:45,Ghulam Ali Arain,,0,1,0,1,0,0,0
ORSC 7302 LEC 1,Applications of Psychology in Management,16W,3.0,9:30a-12:30p,09:30,12:30,Jawad Sarwar Naqvi Syed,,0,1,0,0,0,0,0
ORSC 8402 LEC 1,Seminar in Human Resource Management,16W,3.0,9:30a-12:30p,09:30,12:30,Muhammad Abdur Rahman Malik,,0,0,0,1,0,0,0
PHIL 132 LEC 1,Introduction to Logic,16W,4.0,8:00a-9:50a,08:00,09:50,Muhammad Shabbir Ahsen,,0,1,0,1,0,0,0
PHIL 203 LEC 1,Introduction to Philosophy II,16W,4.0,12:00p-1:50p,12:00,13:50,Syed Sikander Gilani,,0,1,0,1,0,0,0
PHIL 204 LEC 1,Contemporary Moral Problems,16W,4.0,4:30p-6:20p,16:30,18:20,Syed Sikander Gilani,,1,0,1,0,0,0,0
PHY 101 LEC 1,Mechanics,16W,4.0,2:00p-3:15p,14:00,15:15,Adam Zaman Chaudhry,,1,0,1,0,0,0,0
PHY 101 LEC 2,Mechanics,16W,4.0,2:30p-3:45p,14:30,15:45,Adam Zaman Chaudhry,,0,1,0,1,0,0,0
PHY 101 RAC 1,Mechanics,16W,4.0,9:00a-9:50a,09:00,09:50,Adam Zaman Chaudhry,,0,0,0,0,1,0,0
PHY 101 RAC 2,Mechanics,16W,4.0,8:00a-8:50a,08:00,08:50,Adam Zaman Chaudhry,,1,0,0,0,0,0,0
PHY 101 RAC 3,Mechanics,16W,4.0,8:00a-8:50a,08:00,08:50,Adam Zaman Chaudhry,,0,0,0,0,1,0,0
PHY 101 RAC 4,Mechanics,16W,4.0,9:00a-9:50a,09:00,09:50,Adam Zaman Chaudhry,,1,0,0,0,0,0,0
PHY 101 RAC 5,Mechanics,16W,4.0,4:00p-4:50p,16:00,16:50,Adam Zaman Chaudhry,,0,0,0,0,1,0,0
PHY 101 RAC 6,Mechanics,16W,4.0,2:00p-2:50p,14:00,14:50,Adam Zaman Chaudhry,,0,0,0,0,1,0,0
PHY 101 RAC 7,Mechanics,16W,4.0,3:00p-3:50p,15:00,15:50,Adam Zaman Chaudhry,,0,0,0,0,1,0,0
PHY 101 RAC 8,Mechanics,16W,4.0,5:00p-5:50p,17:00,17:50,Adam Zaman Chaudhry,,0,0,0,0,1,0,0
PHY 204 LEC 1,Electricity and Magnetism,16W,3.0,4:30p-5:45p,16:30,17:45,Rizwan Khalid,,0,1,0,1,0,0,0
PHY 212 LEC 1,Quantum Mechanics I,16W,3.0,4:30p-5:45p,16:30,17:45,Syed Moeez Hassan,,1,0,1,0,0,0,0
PHY 223 LEC 1,"Mathematical Methods in Physics and Engineering
I",16W,3.0,8:00a-9:15a,08:00,09:15,Ammar Ahmed Khan,,1,0,1,0,0,0,0
PHY 300 LAB 1,Experimental Physics Lab II,16W,3.0,9:00a-5:50p,09:00,17:50,Muhammad Hamza Humayun,PHY 500,0,0,1,0,0,0,0
PHY 500 LAB 1,Experimental Physics Lab II,16W,3.0,9:00a-5:50p,09:00,17:50,Muhammad Hamza Humayun,PHY 300,0,0,1,0,0,0,0
PHY 301 LEC 1,Classical Mechanics,16W,3.0,12:00p-1:15p,12:00,13:15,Tajdar Mufti,,0,1,0,1,0,0,0
PHY 313 LEC 1,Statistical Mechanics,16W,4.0,8:00a-9:50a,08:00,09:50,TBA,PHY 510,0,1,0,1,0,0,0
PHY 510 LEC 1,Statistical Mechanics,16W,4.0,8:00a-9:50a,08:00,09:50,TBA,PHY 313,0,1,0,1,0,0,0
PHY 316 LEC 1,Introduction to Computational Neuroscience,16W,3.0,8:00a-9:15a,08:00,09:15,TBA,PHY 5116/BIO 438,0,1,0,1,0,0,0
PHY 5116/BIO 438 LEC 1,Introduction to Computational Neuroscience,16W,3.0,8:00a-9:15a,08:00,09:15,TBA,PHY 316,0,1,0,1,0,0,0
PHY 404 LEC 1,Relativistic Electrodynamics,16W,3.0,1:30p-2:45p,13:30,14:45,Syed Moeez Hassan,PHY 504,0,1,0,1,0,0,0
PHY 504 LEC 1,Relativistic Electrodynamics,16W,3.0,1:30p-2:45p,13:30,14:45,Syed Moeez Hassan,PHY 404,0,1,0,1,0,0,0
PHY 501 LAB 1,Electrodynamics,16W,3.0,9:30a-12:20p,09:30,12:20,Rizwan Khalid,EE 502,1,0,0,0,0,0,0
EE 502 LAB 1,Electrodynamics,16W,3.0,9:30a-12:20p,09:30,12:20,Rizwan Khalid,PHY 501,1,0,0,0,0,0,0
PHY 501 LEC 1,Electrodynamics,16W,3.0,10:00a-10:50a,10:00,10:50,Rizwan Khalid,EE 502,0,1,0,1,0,0,0
EE 502 LEC 1,Electrodynamics,16W,3.0,10:00a-10:50a,10:00,10:50,Rizwan Khalid,PHY 501,0,1,0,1,0,0,0
PHY 5114 LEC 1,Quantum Algorithms,16W,3.0,9:30a-10:45a,09:30,10:45,Muhammad Faryad,,0,1,0,1,0,0,0
PHY 512 LEC 1,Advanced Quantum Mechanics,16W,3.0,11:00a-12:15p,11:00,12:15,Muhammad Faryad,,0,1,0,1,0,0,0
PHY 633 LEC 1,Magnetism: Theory and Experiment,16W,3.0,3:30p-4:45p,15:30,16:45,Muhammad Sabieh Anwar,,0,1,0,1,0,0,0
POL 100 LEC 1,Introduction to Political Science,16W,4.0,10:00a-11:50a,10:00,11:50,Rida Ashfaq,,0,1,0,1,0,0,0
POL 100 LEC 2,Introduction to Political Science,16W,4.0,2:00p-3:50p,14:00,15:50,Rida Ashfaq,,0,1,0,1,0,0,0
POL 100 LEC 3,Introduction to Political Science,16W,4.0,10:00a-11:50a,10:00,11:50,TBA,,1,0,1,0,0,0,0
POL 132 LEC 1,Introduction to Politics in Developing Countries,16W,4.0,2:00p-3:50p,14:00,15:50,TBA,,1,0,1,0,0,0,0
POL 203 LEC 1,Introduction to Political Theory,16W,4.0,4:00p-5:50p,16:00,17:50,Adeel Hamza,,1,0,1,0,0,0,0
POL 203 LEC 2,Introduction to Political Theory,16W,4.0,4:00p-5:50p,16:00,17:50,Muhammad Shabbir Ahsen,,0,1,0,1,0,0,0
POL 2214 LEC 1,"Decolonizing Democracy: Lessons from the Global
South",16W,4.0,12:00p-1:50p,12:00,13:50,Farhat Haq,,0,1,0,1,0,0,0
POL 266 LEC 1,Women and Political Theory,16W,4.0,4:00p-5:50p,16:00,17:50,Adeel Hamza,,0,1,0,1,0,0,0
POL 3113 LEC 1,Political Islam: Ideology and Politics,16W,4.0,4:00p-5:50p,16:00,17:50,Taimur Rahman,,1,0,1,0,0,0,0
POL 320 LEC 1,Comparative Politics,16W,4.0,10:00a-11:50a,10:00,11:50,Asma ul-Husna Faiz,,0,1,0,1,0,0,0
POL 320 LEC 2,Comparative Politics,16W,4.0,2:00p-3:50p,14:00,15:50,Asma ul-Husna Faiz,,0,1,0,1,0,0,0
POL 3202 LEC 1,Qualitative Research Methods in Political Science,16W,4.0,2:00p-3:50p,14:00,15:50,Hafiz Muhammad Salman Rafi,,1,0,1,0,0,0,0
POL 324 LEC 1,Marxism and the Modern World,16W,4.0,4:00p-5:50p,16:00,17:50,Taimur Rahman,,0,1,0,1,0,0,0
POL 3302 LEC 1,Theories of IR,16W,4.0,12:00p-1:50p,12:00,13:50,Syed Rashid Munir,,0,1,0,1,0,0,0
POL 366 LEC 1,Terrorism as Political Action,16W,4.0,2:00p-3:50p,14:00,15:50,Syed Rashid Munir,,0,1,0,1,0,0,0
POL 4112 LEC 1,Political Leadership,16W,4.0,2:00p-3:50p,14:00,15:50,Mohammad Waseem,,1,0,1,0,0,0,0
POL 412 LEC 1,Diplomacy in International Relations,16W,4.0,10:00a-11:50a,10:00,11:50,Shahid Malik,,0,1,0,1,0,0,0
PSY 100 LEC 1,Introduction to Psychology and Human Behavior,16W,4.0,4:00p-5:50p,16:00,17:50,Yasser Hashmi,,0,1,0,1,0,0,0
PSY 100 LEC 2,Introduction to Psychology and Human Behavior,16W,4.0,4:00p-5:50p,16:00,17:50,Natasha Sohail Barlas,,0,1,0,1,0,0,0
PSY 100 LEC 3,Introduction to Psychology and Human Behavior,16W,4.0,2:00p-3:50p,14:00,15:50,Arman Ashraf,,1,0,1,0,0,0,0
PSY 212 LEC 1,Theories of Learning,16W,4.0,12:00p-1:50p,12:00,13:50,Imran Rashid,,1,0,1,0,0,0,0
PSY 214 LEC 1,Perception,16W,4.0,4:00p-5:50p,16:00,17:50,Yasser Hashmi,,1,0,1,0,0,0,0
PSY 220 LEC 1,Psychopathology,16W,4.0,2:00p-3:50p,14:00,15:50,Tahira Haider,,1,0,1,0,0,0,0
PSY 300 LEC 1,Social Psychology,16W,4.0,12:00p-1:50p,12:00,13:50,Imran Rashid,,0,1,0,1,0,0,0
PSY 321 LEC 1,Life Span Development,16W,4.0,2:00p-3:50p,14:00,15:50,Natasha Sohail Barlas,,0,1,0,1,0,0,0
REL 200 LEC 1,What is Religion,16W,4.0,2:00p-3:50p,14:00,15:50,Essam Fahim,,1,0,1,0,0,0,0
REL 224 LEC 1,"Introduction to Quranic and Modern Standard
Arabic",16W,4.0,4:00p-5:50p,16:00,17:50,Asif Iftikhar,,0,1,0,1,0,0,0
REL 235 LEC 1,"Religion, Conflict, and Peace Building",16W,4.0,2:00p-3:50p,14:00,15:50,Aurangzeb Haneef,,1,0,1,0,0,0,0
REL 314 LEC 1,Islamic Historiography: An Introduction,16W,4.0,10:00a-11:50a,10:00,11:50,Baqar Hassan Syed,HIST 336,1,0,1,0,0,0,0
HIST 336 LEC 1,Islamic Historiography: An Introduction,16W,4.0,10:00a-11:50a,10:00,11:50,Baqar Hassan Syed,REL 314,1,0,1,0,0,0,0
REL 315 LEC 1,Religion and Existentialism,16W,4.0,2:00p-3:50p,14:00,15:50,Mian Muhammad Nauman Faizi,,0,1,0,1,0,0,0
REL 332 LEC 1,"What is ""Islamic"" history?",16W,4.0,10:00a-11:50a,10:00,11:50,Irfan Moeen Khan,,1,0,1,0,0,0,0
REL 334 LEC 1,"Experience and Interpretation in Muslim Feminist
Scriptural Discourse",16W,4.0,10:00a-11:50a,10:00,11:50,TBA,,0,1,0,1,0,0,0
SCI 503 LEC 1,STEM Teaching in the AI Era,16W,3.0,12:00p-1:15p,12:00,13:15,"Muhammad Hamad Alizai
Anusheh Attique",,1,0,1,0,0,0,0
SCRM 6101 LEC 1,Operations and Supply Chain Strategy,MS1,3.0,6:30p-8:30p,18:30,20:30,Ahsan Umar,,0,0,0,0,1,1,1
SOC 100 LEC 1,Introduction to Sociology,16W,4.0,4:00p-5:50p,16:00,17:50,Amen Jaffer,,1,0,1,0,0,0,0
SOC 100 LEC 2,Introduction to Sociology,16W,4.0,12:00p-1:50p,12:00,13:50,Tania Saeed,,1,0,1,0,0,0,0
SOC 253 LEC 1,Scientific Imagination and the Religious Mind,16W,4.0,12:00p-1:50p,12:00,13:50,Basit Bilal Koshul,REL 233,0,1,0,1,0,0,0
REL 233 LEC 1,Scientific Imagination and the Religious Mind,16W,4.0,12:00p-1:50p,12:00,13:50,Basit Bilal Koshul,SOC 253,0,1,0,1,0,0,0
SOC 265 LEC 1,Introduction to Gender and Sexuality Studies,16W,4.0,12:00p-1:50p,12:00,13:50,Nida Yasmeen Kirmani,GSS 210,1,0,1,0,0,0,0
GSS 210 LEC 1,Introduction to Gender and Sexuality Studies,16W,4.0,12:00p-1:50p,12:00,13:50,Nida Yasmeen Kirmani,SOC 265,1,0,1,0,0,0,0
SOC 310 LEC 1,Classical Sociological Theory,16W,4.0,12:00p-1:50p,12:00,13:50,Umair Javed,,0,1,0,1,0,0,0
SOC 320 LEC 1,Quantitative Research Methods,16W,4.0,10:00a-11:50a,10:00,11:50,TBA,,1,0,1,0,0,0,0
SOC 334 LEC 1,The Informal Economy,16W,4.0,12:00p-1:50p,12:00,13:50,Umair Javed,,1,0,1,0,0,0,0
SOC 353 LEC 1,Social Science and the Post-Secular Age,16W,4.0,4:00p-5:50p,16:00,17:50,Basit Bilal Koshul,,0,1,0,1,0,0,0
SS 100 LEC 1,Writing and Communication,16W,4.0,8:00a-9:50a,08:00,09:50,TBA,,0,1,0,1,0,0,0
SS 100 LEC 2,Writing and Communication,16W,4.0,9:30a-11:20a,09:30,11:20,TBA,,0,1,0,1,0,0,0
SS 100 LEC 3,Writing and Communication,16W,4.0,1:30p-3:20p,13:30,15:20,TBA,,0,1,0,1,0,0,0
SS 100 LEC 4,Writing and Communication,16W,4.0,9:30a-11:20a,09:30,11:20,TBA,,1,0,1,0,0,0,0
SS 100 LEC 5,Writing and Communication,16W,4.0,1:00p-2:50p,13:00,14:50,TBA,,0,1,0,1,0,0,0
SS 100 LEC 6,Writing and Communication,16W,4.0,2:00p-3:50p,14:00,15:50,TBA,,1,0,1,0,0,0,0
SS 100 LEC 7,Writing and Communication,16W,4.0,4:00p-5:50p,16:00,17:50,TBA,,0,1,0,1,0,0,0
SS 100 LEC 8,Writing and Communication,16W,4.0,10:00a-11:50a,10:00,11:50,TBA,,1,0,1,0,0,0,0
SS 100 LEC 9,Writing and Communication,16W,4.0,12:00p-1:50p,12:00,13:50,TBA,,0,1,0,1,0,0,0
SS 100 LEC 10,Writing and Communication,16W,4.0,4:00p-5:50p,16:00,17:50,TBA,,0,1,0,1,0,0,0
SS 100 LEC 11,Writing and Communication,16W,4.0,11:00a-12:50p,11:00,12:50,TBA,,1,0,1,0,0,0,0
SS 100 LEC 12,Writing and Communication,16W,4.0,12:00p-1:50p,12:00,13:50,TBA,,1,0,1,0,0,0,0
SS 100 LEC 13,Writing and Communication,16W,4.0,8:00a-9:50a,08:00,09:50,TBA,,1,0,1,0,0,0,0
SS 100 LEC 14,Writing and Communication,16W,4.0,10:00a-11:50a,10:00,11:50,TBA,,0,1,0,1,0,0,0
SS 100 LEC 15,Writing and Communication,16W,4.0,9:00a-10:50a,09:00,10:50,TBA,,1,0,1,0,0,0,0
SS 100 LEC 16,Writing and Communication,16W,4.0,2:00p-3:50p,14:00,15:50,TBA,,0,1,0,1,0,0,0
SS 100 LEC 17,Writing and Communication,16W,4.0,3:30p-5:20p,15:30,17:20,TBA,,0,1,0,1,0,0,0
SS 100 LEC 18,Writing and Communication,16W,4.0,9:00a-10:50a,09:00,10:50,TBA,,0,1,0,1,0,0,0
SS 100 LEC 19,Writing and Communication,16W,4.0,2:00p-3:50p,14:00,15:50,TBA,,1,0,1,0,0,0,0
SS 100 LEC 20,Writing and Communication,16W,4.0,2:00p-3:50p,14:00,15:50,TBA,,1,0,1,0,0,0,0
SS 100 LEC 21,Writing and Communication,16W,4.0,11:30a-1:20p,11:30,13:20,TBA,,0,1,0,1,0,0,0
SS 100 LEC 22,Writing and Communication,16W,4.0,12:00p-1:50p,12:00,13:50,TBA,,1,0,1,0,0,0,0
SS 100 LEC 23,Writing and Communication,16W,4.0,11:00a-12:50p,11:00,12:50,TBA,,0,1,0,1,0,0,0
SS 100A LEC 1,Introduction to Writing,16W,2.0,4:00p-4:50p,16:00,16:50,TBA,,0,1,0,1,0,0,0
SS 100A LEC 2,Introduction to Writing,16W,2.0,8:00a-8:50a,08:00,08:50,TBA,,1,0,1,0,0,0,0
SS 100A LEC 3,Introduction to Writing,16W,2.0,1:00p-1:50p,13:00,13:50,TBA,,1,0,1,0,0,0,0
SS 100A LEC 4,Introduction to Writing,16W,2.0,11:00a-11:50a,11:00,11:50,TBA,,0,1,0,1,0,0,0
SS 100A LEC 5,Introduction to Writing,16W,2.0,10:00a-10:50a,10:00,10:50,TBA,,0,1,0,1,0,0,0
SS 101 LEC 1,Islamic Studies,16W,2.0,8:00a-9:50a,08:00,09:50,Aurangzeb Haneef,,0,0,0,0,1,0,0
SS 101 LEC 2,Islamic Studies,16W,2.0,4:00p-5:50p,16:00,17:50,Essam Fahim,,0,0,0,0,1,0,0
SS 101 LEC 3,Islamic Studies,16W,2.0,2:00p-3:50p,14:00,15:50,Baqar Hassan Syed,,0,1,0,0,0,0,0
SS 101 LEC 4,Islamic Studies,16W,2.0,12:00p-1:50p,12:00,13:50,Essam Fahim,,0,0,0,1,0,0,0
SS 101 LEC 5,Islamic Studies,16W,2.0,2:00p-3:50p,14:00,15:50,Asif Iftikhar,,0,0,0,0,1,0,0
SS 102 LEC 1,Pakistan Studies: Culture and Heritage,16W,2.0,4:00p-5:50p,16:00,17:50,TBA,,0,0,0,0,1,0,0
SS 102 LEC 2,Pakistan Studies: Culture and Heritage,16W,2.0,8:00a-9:50a,08:00,09:50,TBA,,0,0,0,0,1,0,0
SS 102 LEC 3,Pakistan Studies: Culture and Heritage,16W,2.0,8:00a-9:50a,08:00,09:50,TBA,,0,1,0,0,0,0,0
SS 102 LEC 4,Pakistan Studies: Culture and Heritage,16W,2.0,2:00p-3:50p,14:00,15:50,TBA,,0,0,0,0,1,0,0
SS 102 LEC 5,Pakistan Studies: Culture and Heritage,16W,2.0,2:00p-3:50p,14:00,15:50,TBA,,0,0,1,0,0,0,0
SS 102 LEC 6,Pakistan Studies: Culture and Heritage,16W,2.0,8:00a-9:50a,08:00,09:50,TBA,,1,0,0,0,0,0,0
SS 102 LEC 7,Pakistan Studies: Culture and Heritage,16W,2.0,8:00a-9:50a,08:00,09:50,TBA,,0,0,1,0,0,0,0
SS 102 LEC 8,Pakistan Studies: Culture and Heritage,16W,2.0,4:00p-5:50p,16:00,17:50,TBA,,1,0,0,0,0,0,0
SS 102 LEC 9,Pakistan Studies: Culture and Heritage,16W,2.0,11:00a-12:50p,11:00,12:50,TBA,,0,0,0,0,1,0,0
SS 1302 LEC 1,"Sur, Tal aur Rag: Foundations of South Asian Music",16W,4.0,10:00a-11:50a,10:00,11:50,Sadaf Habib,,0,1,0,1,0,0,0
SS 1303 LEC 1,Introduction to Kathak,16W,4.0,1:00p-2:50p,13:00,14:50,TBA,,0,1,0,1,0,0,0
SS 187 LEC 1,Applied Statistics for Humanities,16W,4.0,12:00p-1:50p,12:00,13:50,Muhammad Saad Imtiaz,,1,0,1,0,0,0,0
SS 187 LEC 2,Applied Statistics for Humanities,16W,4.0,12:00p-1:50p,12:00,13:50,Muhammad Salaar Arif Khan,,0,1,0,1,0,0,0
SS 233 LEC 1,Media Writing,16W,4.0,8:00a-9:50a,08:00,09:50,Syed Javed Nazir,,0,1,0,1,0,0,0
SS 3302 LEC 1,Professional Communication Skills,16W,4.0,3:00p-4:50p,15:00,16:50,Aamna Khalid,,1,0,1,0,0,0,0
SSE 101 LEC 1,First Year Tutorial,16W,0.5,10:00a-12:50p,10:00,12:50,TBA,,0,0,0,0,1,0,0
SSE 101 LEC 2,First Year Tutorial,16W,0.5,10:00a-12:50p,10:00,12:50,TBA,,0,0,0,0,1,0,0
SSE 101 LEC 3,First Year Tutorial,16W,0.5,10:00a-12:50p,10:00,12:50,TBA,,0,0,0,0,1,0,0
SSE 101 LEC 4,First Year Tutorial,16W,0.5,10:00a-12:50p,10:00,12:50,TBA,,0,0,0,0,1,0,0
SSE 101 LEC 5,First Year Tutorial,16W,0.5,10:00a-12:50p,10:00,12:50,TBA,,0,0,0,0,1,0,0
SSE 101 LEC 6,First Year Tutorial,16W,0.5,10:00a-12:50p,10:00,12:50,TBA,,0,0,0,0,1,0,0
SSE 101 LEC 7,First Year Tutorial,16W,0.5,10:00a-12:50p,10:00,12:50,TBA,,0,0,0,0,1,0,0
SSE 101 LEC 8,First Year Tutorial,16W,0.5,10:00a-12:50p,10:00,12:50,TBA,,0,0,0,0,1,0,0
SSE 101 LEC 9,First Year Tutorial,16W,0.5,10:00a-12:50p,10:00,12:50,TBA,,0,0,0,0,1,0,0
SSE 101 LEC 10,First Year Tutorial,16W,0.5,10:00a-12:50p,10:00,12:50,TBA,,0,0,0,0,1,0,0
SSE 101 LEC 11,First Year Tutorial,16W,0.5,10:00a-12:50p,10:00,12:50,TBA,,0,0,0,0,1,0,0
SSE 101 LEC 12,First Year Tutorial,16W,0.5,10:00a-12:50p,10:00,12:50,TBA,,0,0,0,0,1,0,0
SSE 101 LEC 13,First Year Tutorial,16W,0.5,10:00a-12:50p,10:00,12:50,TBA,,0,0,0,0,1,0,0
SSE 101 LEC 14,First Year Tutorial,16W,0.5,10:00a-12:50p,10:00,12:50,TBA,,0,0,0,0,1,0,0
SSE 101 LEC 15,First Year Tutorial,16W,0.5,10:00a-12:50p,10:00,12:50,TBA,,0,0,0,0,1,0,0
SSE 101 LEC 16,First Year Tutorial,16W,0.5,10:00a-12:50p,10:00,12:50,TBA,,0,0,0,0,1,0,0
SSE 101 LEC 17,First Year Tutorial,16W,0.5,10:00a-12:50p,10:00,12:50,TBA,,0,0,0,0,1,0,0
SSE 101 LEC 18,First Year Tutorial,16W,0.5,10:00a-12:50p,10:00,12:50,TBA,,0,0,0,0,1,0,0
SSE 101 LEC 19,First Year Tutorial,16W,0.5,10:00a-12:50p,10:00,12:50,TBA,,0,0,0,0,1,0,0
SSE 101 LEC 20,First Year Tutorial,16W,0.5,10:00a-12:50p,10:00,12:50,TBA,,0,0,0,0,1,0,0
SSE 101 LEC 21,First Year Tutorial,16W,0.5,10:00a-12:50p,10:00,12:50,TBA,,0,0,0,0,1,0,0
SSE 101 LEC 22,First Year Tutorial,16W,0.5,10:00a-12:50p,10:00,12:50,TBA,,0,0,0,0,1,0,0
SSE 101 LEC 23,First Year Tutorial,16W,0.5,10:00a-12:50p,10:00,12:50,TBA,,0,0,0,0,1,0,0
SSE 101 LEC 24,First Year Tutorial,16W,0.5,10:00a-12:50p,10:00,12:50,TBA,,0,0,0,0,1,0,0
SWR 102 PRT 1,Swimming for Beginners,16W,1.0,10:00a-11:15a,10:00,11:15,"Muhammad Haider Awan
Amir Hussain",,0,1,0,1,0,0,0
SWR 102 PRT 2,Swimming for Beginners,16W,1.0,10:00a-11:15a,10:00,11:15,"Khalida Bashir
Rabia Yasin",,1,0,1,0,0,0,0
SWR 102 PRT 3,Swimming for Beginners,16W,1.0,2:00p-3:15p,14:00,15:15,"Rashid Ahmad
Azmat Ullah",,0,1,0,1,0,0,0
SWR 102 PRT 4,Swimming for Beginners,16W,1.0,2:00p-3:15p,14:00,15:15,"Kausar Farooq
Nimra Nimra",,1,0,1,0,0,0,0
SWR 102 PRT 5,Swimming for Beginners,16W,1.0,12:00p-1:15p,12:00,13:15,"Khalida Bashir
Rabia Yasin",,0,1,0,1,0,0,0
SWR 102 PRT 6,Swimming for Beginners,16W,1.0,12:00p-1:15p,12:00,13:15,"Muhammad Haider Awan
Amir Hussain",,1,0,1,0,0,0,0
SWR 102 PRT 7,Swimming for Beginners,16W,1.0,4:00p-5:15p,16:00,17:15,"Kausar Farooq
Nimra Nimra",,0,1,0,1,0,0,0
SWR 102 PRT 8,Swimming for Beginners,16W,1.0,4:00p-5:15p,16:00,17:15,"Rashid Ahmad
Azmat Ullah",,1,0,1,0,0,0,0
SWR 103 PRT 1,Strength Training and Conditioning for Beginners,16W,1.0,10:00a-11:15a,10:00,11:15,Muhammad Bilal Iqbal Khan,,1,0,1,0,0,0,0
SWR 103 PRT 2,Strength Training and Conditioning for Beginners,16W,1.0,10:00a-11:15a,10:00,11:15,Muhammad Bilal Iqbal Khan,,0,1,0,1,0,0,0
SWR 103 PRT 3,Strength Training and Conditioning for Beginners,16W,1.0,2:00p-3:15p,14:00,15:15,Mudassar Naseer,,1,0,1,0,0,0,0
SWR 103 PRT 4,Strength Training and Conditioning for Beginners,16W,1.0,2:00p-3:15p,14:00,15:15,Mudassar Naseer,,0,1,0,1,0,0,0
SWR 103 PRT 5,Strength Training and Conditioning for Beginners,16W,1.0,4:00p-5:15p,16:00,17:15,Muhammad Shakeel,,0,1,0,1,0,0,0
SWR 103 PRT 6,Strength Training and Conditioning for Beginners,16W,1.0,4:00p-5:15p,16:00,17:15,Muhammad Shakeel,,1,0,1,0,0,0,0
SWR 103 PRT 7,Strength Training and Conditioning for Beginners,16W,1.0,10:00a-11:15a,10:00,11:15,Kanwal Yousaf,,1,0,1,0,0,0,0
SWR 103 PRT 8,Strength Training and Conditioning for Beginners,16W,1.0,10:00a-11:15a,10:00,11:15,Kanwal Yousaf,,0,1,0,1,0,0,0
SWR 103 PRT 9,Strength Training and Conditioning for Beginners,16W,1.0,11:30a-12:45p,11:30,12:45,Aruba Naz,,1,0,1,0,0,0,0
SWR 103 PRT 10,Strength Training and Conditioning for Beginners,16W,1.0,11:30a-12:45p,11:30,12:45,Aruba Naz,,0,1,0,1,0,0,0
SWR 103 PRT 11,Strength Training and Conditioning for Beginners,16W,1.0,4:00p-5:15p,16:00,17:15,Shabana Kausar,,1,0,1,0,0,0,0
SWR 103 PRT 12,Strength Training and Conditioning for Beginners,16W,1.0,4:00p-5:15p,16:00,17:15,Shabana Kausar,,0,1,0,1,0,0,0
SWR 104 PRT 1,Basketball for beginners,16W,1.0,3:30p-4:45p,15:30,16:45,Mohsin Riaz,,1,0,1,0,0,0,0
SWR 104 PRT 2,Basketball for beginners,16W,1.0,5:00p-6:15p,17:00,18:15,Mohsin Riaz,,1,0,1,0,0,0,0
SWR 104 PRT 3,Basketball for beginners,16W,1.0,3:30p-4:45p,15:30,16:45,Mohsin Riaz,,0,1,0,1,0,0,0
SWR 104 PRT 4,Basketball for beginners,16W,1.0,5:00p-6:15p,17:00,18:15,Mohsin Riaz,,0,1,0,1,0,0,0
SWR 105 PRT 1,"Walk, Jog and Stretch for Fitness",16W,1.0,3:30p-4:45p,15:30,16:45,Babar Asad Khan,,1,0,1,0,0,0,0
SWR 105 PRT 2,"Walk, Jog and Stretch for Fitness",16W,1.0,5:00p-6:15p,17:00,18:15,Babar Asad Khan,,1,0,1,0,0,0,0
SWR 105 PRT 3,"Walk, Jog and Stretch for Fitness",16W,1.0,3:30p-4:45p,15:30,16:45,Babar Asad Khan,,0,1,0,1,0,0,0
SWR 105 PRT 4,"Walk, Jog and Stretch for Fitness",16W,1.0,5:00p-6:15p,17:00,18:15,Babar Asad Khan,,0,1,0,1,0,0,0
