Course Code,Course Title,Session,Instructor,Cr Hrs,Day and Time
ACCT 100 LEC 1,Principles of Financial Accounting,16W,Syed Zain  ul Abidin,3.0,TR 11:00AM-12:15PM
ACCT 100 LEC 2,Principles of Financial Accounting,16W,Syed Zain  ul Abidin,3.0,TR 12:30PM-1:45PM
ACCT 100 LEC 3,Principles of Financial Accounting,16W,Syed Zain  ul Abidin,3.0,TR 2:00PM-3:15PM
ACCT 100 LEC 4,Principles of Financial Accounting,16W,Zainab Mehmood,3.0,TR 3:30PM-4:45PM
ACCT 100 LEC 5,Principles of Financial Accounting,16W,Zainab Mehmood,3.0,TR 5:00PM-6:15PM
ACCT 100 LEC 6,Principles of Financial Accounting,16W,Saira Rizwan,3.0,MW 9:30AM-10:45AM
ACCT 100 LEC 7,Principles of Financial Accounting,16W,Saira Rizwan,3.0,MW 11:00AM-12:15PM
ACCT 130 LEC 1,Principles of Management Accounting,16W,Ayesha Bhatti,3.0,TR 9:30AM-10:45AM
ACCT 130 LEC 2,Principles of Management Accounting,16W,Ayesha Bhatti,3.0,TR 11:00AM-12:15PM
ACCT 130 LEC 3,Principles of Management Accounting,16W,Ayesha Bhatti,3.0,TR 2:00PM-3:15PM
ACCT 130 LEC 4,Principles of Management Accounting,16W,Ayesha Bhatti,3.0,TR 12:30PM-1:45PM
ACCT 130 LEC 5,Principles of Management Accounting,16W,Mahin Moazzam,3.0,TR 9:30AM-10:45AM
ACCT 130 LEC 6,Principles of Management Accounting,16W,Mahin Moazzam,3.0,TR 11:00AM-12:15PM
ACCT 130 LEC 7,Principles of Management Accounting,16W,Mahin Moazzam,3.0,TR 2:00PM-3:15PM
ACCT 202 LEC 1,"Theory and Concepts of Accounting - Islamic
Perspective",16W,Abdul Rauf,3.0,MW 9:30AM-10:45AM
ACCT 202 LEC 2,"Theory and Concepts of Accounting - Islamic
Perspective",16W,Abdul Rauf,3.0,MW 11:00AM-12:15PM
ACCT 220 LEC 1,Corporate Financial Reporting I,16W,Samia Ahmed Ali,3.0,MW 11:00AM-12:15PM
ACCT 220 LEC 2,Corporate Financial Reporting I,16W,Samia Ahmed Ali,3.0,MW 12:30PM-1:45PM
ACCT 220 LEC 3,Corporate Financial Reporting I,16W,Samia Ahmed Ali,3.0,MW 2:00PM-3:15PM
ACCT 411 LEC 1,Applied Financial Analysis,16W,Saira Rizwan,3.0,MW 2:00PM-3:15PM
ACCT 482 LEC 1,"Governance, Risk and Compliance",16W,Ali Qamar,3.0,MW 8:00AM-9:15AM
ACF 2101 LEC 1,Introduction to Finance and Accounting,SDSB-Foundation,Syed Zain  ul Abidin,1.5,MRFSU 2:00PM-4:10PM
ACF 2101 LEC 2,Introduction to Finance and Accounting,SDSB-Foundation,,1.5,MRFSU 11:00AM-1:10PM
ACF 5101 LEC 1,Financial Management and Accounting,MS1,"Samia Ahmed Ali
Syed Mubashir Ali",3.0,FSU 2:00PM-4:00PM
ACTA 6202 LEC 1,Analytics in Accounting and Control,MS1,Ali Qamar,3.0,FSU 10:45AM-12:45PM
AI 500 LEC 1,Foundations of AI,16W,Murtaza Taj,3.0,S 12:30PM-3:30PM
AI 501 LEC 1,Mathematics for AI,16W,Zubair Khalid,3.0,S 9:30AM-12:30PM
ANTH 100 LEC 1,Introduction to Cultural Anthropology,16W,Syeedda Anjum Ara Alvi,4.0,MW 4:00PM-5:50PM
ANTH 100 LEC 2,Introduction to Cultural Anthropology,16W,Sadaf Ahmad,4.0,MW 2:00PM-3:50PM
ANTH 276 LEC 1,Anthropology of Social Media,16W,Rabia Kamal,4.0,TR 4:00PM-5:50PM
ANTH 312 LEC 1,Modernity as a Way of Life,16W,Lukas Albert Paul Werth,4.0,TR 10:00AM-11:50AM
ANTH 434 LEC 1,Putting Social Science to the Test: Mixed-Methods Approaches to Lahore’s Developmental Challenges,16W,Ameem Lutfi Farah Said,4.0,TR 12:00PM-1:50PM
ANTH 464 LEC 1,Children of Abraham,16W,Lukas Albert Paul Werth,4.0,TR 2:00PM-3:50PM
ANTH 483 LEC 1,Caste in South Asia and Beyond,16W,Dominic William Esler,4.0,MW 12:00PM-1:50PM
BIO 101 LEC 1,Introductory Biology,16W,"Muhammad Shoaib Muhammad Tariq
Safee Ullah Chaudhary",3.0,MW 5:00PM-6:15PM
BIO 216 LEC 1,Molecular Biology,16W,"Muhammad Shoaib
Muhammad Tariq",3.0,MW 1:00PM-2:15PM
BIO 221 LEC 1,Genetics,16W,"Khurram Bashir
Muhammad Tariq",4.0,MW 10:30AM-12:20PM
BIO 300 LAB 1,Methods in Cell and Molecular Biology,16W,"Khurram Bashir Shaper Mirza Zaigham Shahzad Muhammad Shoaib
Muhammad Tariq",4.0,MWF 9:00AM-9:50AM
BIO 300 LAB 1a,Methods in Cell and Molecular Biology,16W,Khalida Mazhar,4.0,MWF 10:00AM-12:50PM
BIO 313 LEC 1,Cell Biology,16W,"Khurram Bashir
Faiz Ul Hassan Nasim",3.0,TR 11:30AM-12:45PM
BIO 331 LEC 1,Computational Biology II,16W,Safee Ullah Chaudhary,3.0,MW 2:30PM-3:45PM
BIO 401 SEM 1,Seminars in Biology,16W,Khurram Bashir,1.0,M 1:00PM-1:50PM
BIO 403 LEC 1,"Critical thinking, Scientific Writing and Ethics",16W,"Khurram Bashir
Muhammad Shoaib",3.0,TR 3:00PM-4:15PM
BIO 513 LEC 1,Biophysical Techniques,16W,Faiz Ul Hassan Nasim,3.0,TR 2:30PM-3:45PM
BIO 516 LEC 1,Advanced Molecular and Cell Biology,16W,"Shaper Mirza
Zaigham Shahzad",3.0,TR 4:00PM-5:15PM
BIO 517 LEC 1,Molecular Mechanisms of Bacterial Pathagenesis,16W,Shaper Mirza,3.0,TR 1:00PM-2:15PM
BIO 523 LEC 1,RNA Biology,16W,Faiz Ul Hassan Nasim,3.0,TR 4:30PM-5:45PM
BIO 524 LEC 1,Evolution,16W,Zaigham Shahzad,3.0,TR 10:00AM-11:15AM
BIO 531 LEC 1,Computational Biology,16W,Safee Ullah Chaudhary,3.0,TR 11:30AM-12:45PM
CHE 210 LEC 1,Physical Chemistry,16W,Falak Sher,3.0,MW 10:30AM-11:45AM
CHE 260 LEC 1,Principles of Chemical Engineering,16W,Qandeel Almas,3.0,MW 12:00PM-1:15PM
CHE 262 LEC 1,Particle Science and Engineering,16W,Muhammad Faheem,3.0,TR 5:00PM-6:15PM
CHE 300A LAB 1,Chemical Engineering Lab II,16W,Faheem Hassan Akhtar,1.0,W 11:00AM-1:50PM
CHE 302 LEC 1,Air Pollution,16W,Shahana Khurshid,3.0,TR 12:00PM-1:15PM
CHE 320 LEC 1,Separation Processes,16W,Tauqeer Abbas,3.0,TR 9:00AM-10:15AM
CHE 330 LEC 1,Math Methods in Chemical Engineering II,16W,Usman Bin Shahid,3.0,MW 9:00AM-10:15AM
CHE 352 LEC 1,Heat and Mass Transfer,16W,Ali Rauf,3.0,TR 3:00PM-4:15PM
CHE 401 LEC 1,Chemical Process Design,16W,Qandeel Almas,4.0,TR 2:00PM-3:15PM
CHE 401 LAB 1,Chemical Process Design,16W,Qandeel Almas,4.0,F 2:00PM-4:50PM
CHE 401A LAB 1,Chemical Engineering Lab - V,16W,"Qandeel Almas
Usman Bin Shahid",1.0,R 8:00AM-10:50AM
CHE 401B LAB 1,Chemical Engineering Lab - VI,16W,"Qasim Imtiaz
Ali Rauf",1.0,T 8:00AM-10:50AM
CHE 415 LEC 1,"Renewable Energy: Fundamentals, Applications,
and Economics",16W,Tauqeer Abbas,3.0,TR 2:00PM-3:15PM
CHE 422 LEC 1,Chemical Process Safety,16W,Faheem Hassan Akhtar,2.0,MW 10:00AM-10:50AM
CHE 710 LEC 1,Transport Processes in the Environment,16W,Shahana Khurshid,3.0,TR 8:00AM-9:15AM
CHEM 101 LEC 1,Principles of Chemistry,16W,Habib-ur- Rehman,3.0,MW 3:30PM-4:45PM
CHEM 101 LEC 2,Principles of Chemistry,16W,Basit Yameen,3.0,TR 5:00PM-6:15PM
CHEM 221 LEC 1,Molecular Symmetry I,16W,Muhammad Zaheer,3.0,TR 5:00PM-6:15PM
CHEM 231 LEC 1,Fundamentals of Organic Chemistry,16W,Irshad Hussain,3.0,MW 3:00PM-4:15PM
CHEM 314 LEC 1,Quantum Chemistry,16W,Habib-ur- Rehman,3.0,MW 10:00AM-11:15AM
CHEM 324 LEC 1,Inorganic Chemistry I,16W,Ghayoor Abbas Chotana,3.0,TR 2:00PM-3:15PM
CHEM 332 LEC 1,Chemistry of the Organic Functional Groups,16W,Muhammad Saeed,3.0,TR 10:30AM-11:45AM
CHEM 342 LEC 1,Analytical Chemistry I,16W,"Muhammad Saeed
Muhammad Zaheer",3.0,MW 8:00AM-9:15AM
CHEM 410 LAB 1,Physical Chemistry Lab,16W,Salman Noshear Arshad,2.0,F 3:00PM-5:50PM
CHEM 410 LEC 1,Physical Chemistry Lab,16W,Salman Noshear Arshad,2.0,F 12:00PM-12:50PM
CHEM 430 LAB 1,Organic Chemistry Lab II,16W,Muhammad Saeed,2.0,F 9:00AM-11:50AM
CHEM 430 LEC 1,Organic Chemistry Lab II,16W,Muhammad Saeed,2.0,F 8:00AM-8:50AM
CHEM 516 LEC 1,Characterization Techniques for Materials,16W,Salman Noshear Arshad,3.0,TR 11:00AM-12:15PM
CHEM 521 LEC 1,Advanced Inorganic Chemistry I,16W,Ghayoor Abbas Chotana,3.0,TR 9:00AM-10:15AM
CHEM 531 LEC 1,Advanced Organic Chemistry I,16W,Irshad Hussain,3.0,MW 1:00PM-2:15PM
CHEM 532 LEC 1,Chemistry of Biomolecule,16W,Muhammad Saeed,3.0,MW 10:00AM-11:15AM
CHEM 721 LEC 1,Selected Topics in Inorganic Chemistry,16W,Ghayoor Abbas Chotana,3.0,MW 9:00AM-10:15AM
CHEM 731 LEC 1,Selected Topics in Organic Chemistry,16W,Irshad Hussain,3.0,MW 1:00PM-2:15PM
CLCA 1000 LEC 1,Engaging with Texts and Contexts,16W,"Fatima Fayyaz
Maryam Wasif Khan",4.0,TR 10:00AM-11:50AM
CLCA 2119 LEC 1,Mechanics of Fiction,16W,Bilal Tanweer,4.0,MW 12:00PM-1:50PM
CLCA 2122 LEC 1,Urdu Afsana,16W,Zia Ul Hassan,4.0,TR 4:30PM-6:20PM
CLCA 2133 LEC 1,Fountain of the Sun: Rumi’s Masnavi and Divan,16W,Fatima Fayyaz,4.0,TR 1:30PM-3:20PM
CLCA 2222 LEC 1,The Critical Lens: The Art of Filmmaking,16W,Raja Mohammad Tabish Habib,4.0,MW 2:00PM-3:50PM
CLCA 2523 LEC 1,Introduction to Illustrative Storytelling,16W,,4.0,MW 10:00AM-11:50AM
CLCA 3123 LEC 1,Aag ka Darya: A Close Reading,16W,Nasir Abbas,4.0,MW 4:00PM-5:50PM
CLCA 3211 LEC 1,Film and Screen Studies Research Seminar,16W,Zebunnisa Hamid,4.0,TR 12:00PM-1:50PM
CLCA 3324 LEC 1,The Craft of Translation,16W,Bilal Tanweer,4.0,TR 2:00PM-3:50PM
CLCA 3325 LEC 1,Life Writing and the Multilingual Self,16W,Usama Mumtaz Lali,4.0,MW 8:00AM-9:50AM
CS 100 LEC 1,Computational Problem Solving,16W,"Maryam Mustafa
Shafay Shamail",3.0,TR 4:00PM-4:50PM
CS 100 LEC 2,Computational Problem Solving,16W,"Maryam Mustafa
Shafay Shamail",3.0,MW 12:00PM-12:50PM
CS 100 LAB 1,Computational Problem Solving,16W,"Maryam Mustafa
Shafay Shamail",3.0,M 8:00AM-10:50AM
CS 100 LAB 2,Computational Problem Solving,16W,"Maryam Mustafa
Shafay Shamail",3.0,F 2:00PM-4:50PM
CS 200 LEC 1,Introduction to Programming,16W,Zartash Afzal Uzmi,4.0,MW 10:00AM-11:15AM
CS 200 LEC 2,Introduction to Programming,16W,Zartash Afzal Uzmi,4.0,TR 10:00AM-11:15AM
CS 200 LAB 1,Introduction to Programming,16W,Zartash Afzal Uzmi,4.0,M 1:00PM-3:50PM
CS 200 LAB 2,Introduction to Programming,16W,Zartash Afzal Uzmi,4.0,F 10:00AM-12:50PM
CS 202 LEC 1,Data Structures,16W,"Waqar Ahmad
Muhammad Sohaib Ayub",3.0,TR 10:00AM-11:15AM
CS 210 LEC 1,Discrete Mathematics,16W,Malik Jahan Khan,4.0,TR 1:00PM-2:50PM
CS 210 LEC 2,Discrete Mathematics,16W,Malik Jahan Khan,4.0,TR 3:00PM-4:50PM
CS 225 LEC 1,Fundamentals of Computer Systems,16W,Muhammad Jahangir Ikram,4.0,TR 8:00AM-9:50AM
CS 225 LEC 2,Fundamentals of Computer Systems,16W,Muhammad Adeel Ahmed Pasha,4.0,TR 4:00PM-5:50PM
CS 310 LEC 1,Algorithms,16W,Imdad ullah khan,3.0,TR 1:30PM-2:45PM
CS 334 LEC 1,Principles and Techniques of Data Science,16W,Ihsan Ayyub Qazi,3.0,TR 12:00PM-1:15PM
CS 340 LEC 1,Databases,16W,"Asim Karim
Basit Shafiq",3.0,MW 9:00AM-10:15AM
CS 340 LEC 2,Databases,16W,"Asim Karim
Basit Shafiq",3.0,TR 9:00AM-10:15AM
CS 370 LEC 1,Operating Systems,16W,"Naveed Anwar Bhatti
Muhammad Hammad Alizai",3.0,MW 10:00AM-11:15AM
CS 370 LEC 2,Operating Systems,16W,"Naveed Anwar Bhatti
Muhammad Hammad Alizai",3.0,MW 4:00PM-5:15PM
CS 436 LEC 1,Computer Vision Fundamentals,16W,Murtaza Taj,3.0,TR 12:00PM-1:15PM
CS 452 LEC 1,Computer Graphics,16W,Murtaza Taj,3.0,TR 5:00PM-6:15PM
CS 4602 SEM 1,Coding for Careers,16W,Maryam Abdul Ghafoor,3.0,F 9:30AM-10:45AM
CS 4602 SEM 2,Coding for Careers,16W,Mobin Javed,3.0,F 9:30AM-10:45AM
CS 4602 SEM 1a,Coding for Careers,16W,Mobin Javed,3.0,F 11:00AM-12:15PM
CS 4602 SEM 2a,Coding for Careers,16W,Maryam Abdul Ghafoor,3.0,F 11:00AM-12:15PM
CS 487 LEC 1,Cloud Development,16W,,3.0,TR 10:00AM-11:15AM
CS 501 LEC 1,Applied Probability,16W,Momin Ayub Uppal,3.0,TR 3:00PM-4:15PM
CS 535 LEC 1,Machine Learning,16W,Agha Ali Raza,3.0,MW 12:00PM-1:15PM
CS 535 LEC 2,Machine Learning,16W,Agha Ali Raza,3.0,MW 1:30PM-2:45PM
CS 553 LEC 1,Computer Graphics,16W,Murtaza Taj,3.0,MW 9:30AM-10:45AM
CS 5602 LEC 1,Game Design and Development,16W,Salman Arif,3.0,MW 5:00PM-6:15PM
CS 582 LEC 1,Distributed Systems,16W,Zafar Ayyub Qazi,3.0,MW 12:00PM-1:15PM
CS 6303 LEC 1,"Topics in Large Language Models: Systems,
Applications and Impacts",16W,"Ihsan Ayyub Qazi
Zafar Ayyub Qazi",3.0,MW 3:00PM-4:15PM
CS 682 LEC 1,Topics in Computer and Network Security,16W,Muhammad Fareed Zaffar,3.0,TR 3:00PM-4:15PM
DISC 112 LEC 1,Computer and Problem Solving,16W,Humbal Tariq,4.0,MW 8:00AM-9:15AM
DISC 112 LAB 1,Computer and Problem Solving,16W,Humbal Tariq,4.0,F 9:00AM-11:50AM
DISC 203 LEC 1,Probability and Statistics,16W,Ijaz Haider Naqvi,3.0,TR 9:30AM-10:45AM
DISC 203 LEC 2,Probability and Statistics,16W,Ijaz Haider Naqvi,3.0,TR 11:00AM-12:15PM
DISC 203 LEC 3,Probability and Statistics,16W,Ijaz Haider Naqvi,3.0,TR 12:30PM-1:45PM
DISC 203 LEC 4,Probability and Statistics,16W,,3.0,MW 5:00PM-6:15PM
DISC 203 LEC 5,Probability and Statistics,16W,,3.0,TR 5:00PM-6:15PM
DISC 212 LEC 1,Introduction to Management Science,16W,Kamran Rashid,3.0,MW 9:30AM-10:45AM
DISC 212 LEC 2,Introduction to Management Science,16W,Kamran Rashid,3.0,MW 11:00AM-12:15PM
DISC 212 LEC 3,Introduction to Management Science,16W,,3.0,TR 8:00AM-9:15AM
DISC 212 LEC 4,Introduction to Management Science,16W,,3.0,TR 9:30AM-10:45AM
DISC 212 LEC 5,Introduction to Management Science,16W,,3.0,TR 11:00AM-12:15PM
DISC 231 LEC 1,Operations Management,16W,Hassan Rauf Chaudhry,3.0,MW 2:00PM-3:15PM
DISC 320 LEC 1,Qualitative and Quantitative Methods in Business,16W,,3.0,MW 3:30PM-4:45PM
DISC 320 LEC 2,Qualitative and Quantitative Methods in Business,16W,,3.0,MW 5:00PM-6:15PM
DISC 321 LEC 1,Decision Analysis,16W,Sheikh Attique Ur Rehman,4.0,MW 9:00AM-10:50AM
DISC 321 LEC 2,Decision Analysis,16W,Sheikh Attique Ur Rehman,4.0,MW 12:30PM-2:20PM
DISC 322 LEC 1,Optimization Methods in Management Science,16W,Kamran Rashid,3.0,MW 12:30PM-1:45PM
DISC 322 LEC 2,Optimization Methods in Management Science,16W,Kamran Rashid,3.0,MW 2:00PM-3:15PM
DISC 323 LEC 1,Decision Behaviour,16W,Shoaib Amjad Hussain,3.0,TR 2:00PM-3:15PM
DISC 323 LEC 2,Decision Behaviour,16W,Shoaib Amjad Hussain,3.0,TR 3:30PM-4:45PM
DISC 323 LEC 3,Decision Behaviour,16W,Sheikh Attique Ur Rehman,3.0,TR 12:30PM-1:45PM
DISC 327 LEC 1,Risk Management Process,16W,Ahmed Majeed Khan,3.0,TR 5:00PM-6:15PM
DISC 331 LEC 1,Project Management,16W,Zehra Waheed,3.0,MW 9:30AM-10:45AM
DISC 333 LEC 1,Supply Chain and Logistics Management,16W,Ahsan Umar,3.0,TR 5:00PM-6:15PM
DISC 420 LEC 1,Business Analytics,16W,Maheen Aamir Syed,3.0,TR 12:30PM-1:45PM
DISC 420 LEC 2,Business Analytics,16W,Maheen Aamir Syed,3.0,TR 2:00PM-3:15PM
DISC 7005 LEC 1,Applied Statistics,16W,Ussama Yaqub,3.0,R 3:00PM-6:00PM
DISC 8402 SEM 1,Seminar in Supply Chain Analysis,16W,Sheikh Attique Ur Rehman,3.0,F 2:00PM-5:00PM
DISC 8502 LEC 1,"Seminar in Technology and Innovation
Management",16W,Muhammad Adeel Zaffar,3.0,R 12:30PM-3:30PM
ECON 100 LEC 1,Principles of Economics,16W,Nadia Mukhtar Sayed,4.0,MW 9:30AM-11:20AM
ECON 111 LEC 1,Principles of Microeconomics,16W,Faisal Bari,4.0,TR 4:00PM-5:15PM
ECON 111 LEC 2,Principles of Microeconomics,16W,Faisal Bari,4.0,TR 10:00AM-11:15AM
ECON 111 LEC 3,Principles of Microeconomics,16W,Faisal Bari,4.0,TR 12:30PM-1:45PM
ECON 111 RAC 1,Principles of Microeconomics,16W,Ayesha Karim Malik,4.0,M 10:00AM-10:50AM
ECON 111 RAC 2,Principles of Microeconomics,16W,Ayesha Karim Malik,4.0,M 11:00AM-11:50AM
ECON 111 RAC 3,Principles of Microeconomics,16W,Ayesha Karim Malik,4.0,M 12:00PM-12:50PM
ECON 111 RAC 4,Principles of Microeconomics,16W,Ayesha Karim Malik,4.0,W 11:00AM-11:50AM
ECON 111 RAC 5,Principles of Microeconomics,16W,Ayesha Karim Malik,4.0,W 12:00PM-12:50PM
ECON 111 RAC 6,Principles of Microeconomics,16W,Ayesha Karim Malik,4.0,W 10:00AM-10:50AM
ECON 111 RAC 7,Principles of Microeconomics,16W,Ayesha Karim Malik,4.0,F 11:00AM-11:50AM
ECON 111 RAC 8,Principles of Microeconomics,16W,Ayesha Karim Malik,4.0,F 9:00AM-9:50AM
ECON 111 RAC 9,Principles of Microeconomics,16W,Ayesha Karim Malik,4.0,F 10:00AM-10:50AM
ECON 121 LEC 1,Principles of Macroeconomics,16W,Kashif Zaheer Malik,4.0,MW 12:00PM-1:15PM
ECON 121 LEC 2,Principles of Macroeconomics,16W,Kashif Zaheer Malik,4.0,MW 10:30AM-11:45AM
ECON 121 LEC 3,Principles of Macroeconomics,16W,Sheraz Latif Malik,4.0,TR 10:30AM-11:45AM
ECON 121 RAC 1,Principles of Macroeconomics,16W,Anum Fatima,4.0,W 4:00PM-4:50PM
ECON 121 RAC 2,Principles of Macroeconomics,16W,Anum Fatima,4.0,W 3:00PM-3:50PM
ECON 121 RAC 3,Principles of Macroeconomics,16W,Anum Fatima,4.0,W 2:00PM-2:50PM
ECON 121 RAC 4,Principles of Macroeconomics,16W,Anum Fatima,4.0,R 2:00PM-2:50PM
ECON 121 RAC 5,Principles of Macroeconomics,16W,Anum Fatima,4.0,R 4:30PM-5:20PM
ECON 121 RAC 6,Principles of Macroeconomics,16W,Anum Fatima,4.0,R 3:00PM-3:50PM
ECON 121 RAC 7,Principles of Macroeconomics,16W,,4.0,F 10:00AM-10:50AM
ECON 121 RAC 8,Principles of Macroeconomics,16W,,4.0,F 11:00AM-11:50AM
ECON 121 RAC 9,Principles of Macroeconomics,16W,,4.0,W 9:00AM-9:50AM
ECON 211 LEC 1,Intermediate Microeconomics,16W,Ayesha Ali,4.0,MW 10:00AM-11:50AM
ECON 211 LEC 2,Intermediate Microeconomics,16W,Ayesha Ali,4.0,TR 10:00AM-11:50AM
ECON 221 LEC 1,Intermediate Macroeconomics,16W,Daniyal Khan,4.0,TR 10:00AM-11:50AM
ECON 221 LEC 2,Intermediate Macroeconomics,16W,Daniyal Khan,4.0,TR 2:00PM-3:50PM
ECON 230 LEC 1,Statistics and Data Analysis,16W,Rabia Khan,4.0,TR 12:00PM-1:30PM
ECON 230 LEC 2,Statistics and Data Analysis,16W,Usman Elahi,4.0,MW 2:00PM-3:30PM
ECON 230 LEC 3,Statistics and Data Analysis,16W,Usman Elahi,4.0,MW 11:00AM-12:30PM
ECON 230 LAB 1,Statistics and Data Analysis,16W,Rimsha Arif,4.0,T 2:00PM-2:50PM
ECON 230 LAB 2,Statistics and Data Analysis,16W,Rimsha Arif,4.0,T 5:00PM-5:50PM
ECON 230 LAB 3,Statistics and Data Analysis,16W,Eeman Shehzad Qureshi,4.0,R 5:00PM-5:50PM
ECON 230 LAB 4,Statistics and Data Analysis,16W,Eeman Shehzad Qureshi,4.0,T 3:00PM-3:50PM
ECON 230 LAB 5,Statistics and Data Analysis,16W,Eeman Shehzad Qureshi,4.0,W 4:00PM-4:50PM
ECON 230 LAB 6,Statistics and Data Analysis,16W,Eeman Shehzad Qureshi,4.0,R 3:00PM-3:50PM
ECON 233 LEC 1,Introduction to Game Theory,16W,Lyyla Khalid,4.0,MW 10:00AM-11:50AM
ECON 233 LEC 2,Introduction to Game Theory,16W,Lyyla Khalid,4.0,TR 10:00AM-11:50AM
ECON 240 LEC 1,Development Economics,16W,Nadia Mukhtar Sayed,4.0,TR 3:00PM-4:50PM
ECON 247 LEC 1,Sectors and Policy in Development,16W,Hadia Majid,4.0,MW 10:00AM-11:50AM
ECON 261 LEC 1,Principles of Finance,16W,Sheraz Latif Malik,4.0,TR 12:00PM-1:50PM
ECON 262 LEC 1,Mathematical Applications in Economics,16W,Mushtaq Ahmad Khan,4.0,MW 10:00AM-11:50AM
ECON 323 LEC 1,Economic History of South Asia,16W,Fahd Ali,4.0,TR 12:00PM-1:50PM
ECON 330 LEC 1,Econometrics,16W,Farah Said,4.0,MW 10:00AM-11:30AM
ECON 330 LEC 2,Econometrics,16W,Muhammad Farooq Naseer,4.0,TR 10:00AM-11:30AM
ECON 330 LAB 1,Econometrics,16W,Rabia Khan,4.0,F 11:00AM-11:50AM
ECON 330 LAB 2,Econometrics,16W,Rabia Khan,4.0,F 12:00PM-12:50PM
ECON 330 LAB 3,Econometrics,16W,Yushma Umar,4.0,W 5:00PM-5:50PM
ECON 330 LAB 4,Econometrics,16W,Yushma Umar,4.0,W 2:00PM-2:50PM
ECON 3402 LEC 1,Gender Economics,16W,Hana Zahir,4.0,TR 4:00PM-5:50PM
ECON 343 LEC 1,Agriculture and Food Policy,16W,Abid Aman Burki,4.0,TR 2:00PM-3:50PM
ECON 3603 LEC 1,"Money and Monetary Policy: Applications to
Pakistan",16W,,4.0,MW 10:00AM-11:50AM
ECON 363 LEC 1,Economics of Investment and Finance,16W,Mohammad Usman Khan,4.0,MW 9:30AM-11:20AM
ECON 4102 LEC 1,Gender and the Labor Market,16W,Hadia Majid,4.0,TR 10:00AM-11:50AM
ECON 427 LEC 1,Computational Macroeconomics,16W,Syed Zahid Ali,4.0,MW 10:00AM-11:50AM
ECON 438 LEC 1,Econometrics II,16W,Adeel Tariq,4.0,MW 12:00PM-1:50PM
ECON 441 LEC 1,Development Economics Theory,16W,Khalid Mir,4.0,MW 3:00PM-4:50PM
ECON 4410 LEC 1,Issues in Economic Policy,16W,"Nazish Afraz
Ijaz Nabi",4.0,MW 9:00AM-10:50AM
ECON 449 LEC 1,Philosophy and Economics,16W,Khalid Mir,4.0,MW 10:00AM-11:50AM
ECON 511 LEC 1,Microeconomic Analysis,16W,Osama Khan,4.0,MW 10:00AM-11:50AM
ECON 531 LEC 1,Econometrics and Research Methodology I,16W,Mushtaq Ahmad Khan,4.0,TR 10:00AM-11:50AM
ECON 536 LEC 1,Topics in Mathematical Method for Economists,16W,Syed Zahid Ali,4.0,MW 3:00PM-4:50PM
EDU 210 LEC 1,Critical Debates in Education,16W,Gulab Khan,3.0,MW 8:00AM-9:15AM
EDU 218 LEC 1,"Education and International Development -
Concepts, Theories, and Issues",16W,Farah Syed,3.0,TR 8:00AM-9:15AM
EDU 223 LEC 1,"Trauma-Informed Education Systems: Creating
Cultures of Support and Change",16W,Fizza Suhail,3.0,MW 8:00AM-9:15AM
EDU 272 LEC 1,"Education, Schools and Violence",16W,,3.0,TR 8:00AM-9:15AM
EDU 274 LEC 1,Gender Media and Education,16W,Hasham Nasir,3.0,TR 8:00AM-9:15AM
EDU 3203 LEC 1,"Designing Immersive Learning Experiences:
Student-Centered Instructional Skills Training",16W,,3.0,TR 9:30AM-10:45AM
EDU 3207 LEC 1,Socio Emotional Learning,16W,Mariam Haider,3.0,TR 3:30PM-4:45PM
EDU 321 LEC 1,"Inclusive Pedagogy: Rethinking teaching, learning
and assessment",16W,Fizza Suhail,3.0,TR 8:00AM-9:15AM
EDU 325 LEC 1,The (Instructional) Core and How to Work it,16W,Mehreen Noon,3.0,MW 12:30PM-1:45PM
EDU 353 LEC 1,Education and Conflict,16W,Hasham Nasir,3.0,TR 12:00PM-1:15PM
EDU 372 LEC 1,Mobile Lives: Im/migration and Education,16W,Daniyal Yousaf,3.0,TR 4:30PM-5:45PM
EDU 412 LEC 1,Economics of Education,16W,Jasir Shahbaz,3.0,MW 12:00PM-1:15PM
EDU 422 LEC 1,Behavior Analysis for Effective Teaching,16W,Aaishay Haque,3.0,TR 10:30AM-11:45AM
EDU 510 SEM 1,"Interdisciplinary Theoretical Perspectives on
Education",16W,"Aaishay Haque
Tayyaba Tamim",3.0,F 2:00PM-4:50PM
EDU 512 SEM 1,The Arts and Education,16W,Razia Iram Sadik,3.0,M 3:00PM-5:50PM
EDU 515 SEM 1,"Education and Happiness: Combining learning with
hope and positivity",16W,Irfan Muzaffar,3.0,F 8:00AM-10:50AM
EDU 526 LEC 1,"Enhancing Inclusion: Exploring Autism and
Intellectual Disability",16W,Mariam Haider,3.0,TR 1:00PM-2:15PM
EDU 540 LEC 1,Leadership: The Politics of Change,16W,Mariam Chughtai,3.0,TR 8:00AM-9:15AM
EDU 560 SEM 1,Research Methods,16W,"Soufia Anis Siddiqi
Ahmad Ayub",3.0,F 8:00AM-10:50AM
EDU 590 FLD 1,Observing Schools,16W,Hasham Nasir,1.0,W 10:30AM-4:20PM
EDU 643 LEC 1,"Contemporary Management Concepts in
Educational Leadership",16W,,3.0,MW 2:30PM-3:45PM
EDU 690 SEM 1,Practicum Proseminar,16W,Gulab Khan,3.0,F 8:00AM-10:50AM
EDU 690 SEM 2,Practicum Proseminar,16W,Soufia Anis Siddiqi,3.0,F 2:00PM-4:50PM
EDU 693 LEC 1,Academic Writing,16W,Sannia Hussain,1.0,F 12:00PM-12:50PM
EDUX 510 LEC 1,"Interdisciplinary Theoretical Perspectives on
Education",EDUX(Alternate Sat-Sun),,3.0,SU 1:00PM-2:50PM
EDUX 526 LEC 1,Professional Learning in Education,EDUX(Alternate Sat-Sun),Jessica Albrent,3.0,SU 12:00PM-1:50PM
EDUX 540 LEC 1,Leadership: The Politics of Change,EDUX(Alternate Sat-Sun),"Jessica Albrent
Hasham Nasir",3.0,SU 4:00PM-5:50PM
EDUX 560 LEC 1,Research Methods,EDUX(Alternate Sat-Sun),,3.0,SU 8:00AM-9:50AM
EDUX 590 FLD 1,Observing Schools,EDUX(Alternate Sat-Sun),Hasham Nasir,1.0,Su 10:00AM-11:30AM
EDUX 616 LEC 1,"Arts-Based Research: Exploring Creative Practices
in Educational Inquiry",EDUX(Alternate Sat-Sun),Razia Iram Sadik,3.0,SU 3:00PM-4:50PM
EDUX 662 LEC 1,Impact Evaluation Methods in Education,EDUX(Alternate Sat-Sun),Farah Nadeem,3.0,SU 2:00PM-3:50PM
EDUX 690 LEC 1,Practicum Proseminar,EDUX(Alternate Sat-Sun),Razia Iram Sadik,3.0,Su 8:00AM-11:50AM
EDUX 690 LEC 2,Practicum Proseminar,EDUX(Alternate Sat-Sun),Farah Nadeem,3.0,S 8:00AM-11:50AM
EDUX 693 LEC 1,Academic Writing,EDUX(Alternate Sat-Sun),Sannia Hussain,1.0,S 10:00AM-11:30AM
EE 200 LAB 1,Sophomore Design Studio,16W,Talha Manzoor,1.0,W 1:30PM-4:20PM
EE 203 LEC 1,Engineering Models,16W,Hassan Mohy-ud-Din,3.0,TR 9:30AM-10:45AM
EE 240 LEC 1,Circuits I,16W,Zubair Khalid,3.0,TR 1:00PM-2:15PM
EE 324 LEC 1,Microcontroller and Interfacing,16W,Muhammad Jahangir Ikram,2.0,MW 2:00PM-2:50PM
EE 324L LAB 1,Microcontroller and Interfacing Lab,16W,Muhammad Jahangir Ikram,1.0,T 11:00AM-1:50PM
EE 324L LAB 2,Microcontroller and Interfacing Lab,16W,Muhammad Jahangir Ikram,1.0,R 3:00PM-5:50PM
EE 330 LEC 1,Electromagnetic Fields and Waves,16W,Muhammad Imran Cheema,3.0,MW 9:30AM-10:45AM
EE 340 LEC 1,Devices and Electronics,16W,Nauman Ahmad Zaffar,3.0,MW 12:30PM-1:45PM
EE 340L LAB 1,Devices and Electronics Lab,16W,Nauman Ahmad Zaffar,1.0,T 2:00PM-4:50PM
EE 340L LAB 2,Devices and Electronics Lab,16W,Nauman Ahmad Zaffar,1.0,F 2:00PM-4:50PM
EE 340L LAB 3,Devices and Electronics Lab,16W,Nauman Ahmad Zaffar,1.0,W 3:00PM-5:50PM
EE 380 LEC 1,Communication Systems,16W,Ijaz Haider Naqvi,3.0,MW 11:00AM-12:15PM
EE 380L LAB 1,Communication Systems Lab,16W,"Ahsan Ikram
Ijaz Haider Naqvi",1.0,F 2:00PM-4:50PM
EE 380L LAB 2,Communication Systems Lab,16W,"Ahsan Ikram
Ijaz Haider Naqvi",1.0,T 2:30PM-5:20PM
EE 380L LAB 3,Communication Systems Lab,16W,Ijaz Haider Naqvi,1.0,F 10:00AM-12:50PM
EE 414 LEC 1,Deep Learning,16W,Hassan Mohy-ud-Din,3.0,TR 11:30AM-12:45PM
EE 421 LEC 1,Digital System Design,16W,Shahid Masud,3.0,MW 11:30AM-12:45PM
EE 421L LAB 1,Digital System Design Lab,16W,Shahid Masud,1.0,F 10:00AM-12:50PM
EE 452 LEC 1,Power Electronics,16W,Hafsa Qamar,3.0,MW 1:30PM-2:45PM
EE 452L LAB 1,Power Electronics Lab,16W,Hafsa Qamar,1.0,T 11:30AM-2:20PM
EE 452L LAB 2,Power Electronics Lab,16W,Hafsa Qamar,1.0,W 10:30AM-1:20PM
EE 453 LEC 1,Power Systems Protection and Stability,16W,Raheel Zafar,3.0,MW 3:00PM-4:15PM
EE 453L LAB 1,Power Systems Protection and Stability,16W,Raheel Zafar,1.0,F 3:00PM-5:50PM
EE 5102 LEC 1,Advanced Topics in Machine Learning,16W,Muhammad Tahir,3.0,MW 4:30PM-5:45PM
EE 520 LEC 1,Computer Architecture,16W,Muhammad Adeel Ahmed Pasha,3.0,MW 4:30PM-5:45PM
EE 5202 LEC 1,VLSI Design for Artificial Intelligence,16W,Muhammad Ali Siddiqi,3.0,MW 4:30PM-5:45PM
EE 5203 LEC 1,"Data Analysis, Design of Experiments and Physics
Informed ML",16W,Nauman Zafar Butt,3.0,TR 9:30AM-10:45AM
EE 5216 LEC 1,Hardware Design for IoT Security,16W,Muhammad Ali Siddiqi,3.0,MW 10:00AM-11:15AM
EE 5502 LEC 1,Local Solutions for Energy Access,16W,"Naveed Arshad
Nauman Ahmad Zaffar",3.0,MW 9:00AM-10:15AM
EE 555 LEC 1,Renewable Energy Systems,16W,Hassan Abbas Khan,3.0,MW 4:30PM-5:45PM
EE 567 LEC 1,Multi-agent Systems,16W,Hassan Jaleel,3.0,TR 9:30AM-10:45AM
EE 576 LEC 1,Smart Grid: Technology and Applications,16W,Naveed Ul Hassan,3.0,TR 4:30PM-5:45PM
EMBA 5013 LEC 1,"Understanding Financial Accounting: Making More
Authoritative Decisions",M01,Asad Alam,1.0,SU 8:30AM-10:35AM
EMBA 5013 LEC 2,"Understanding Financial Accounting: Making More
Authoritative Decisions",M01,Asad Alam,1.0,SU 10:55AM-1:00PM
EMBA 5022 LEC 1,Corporate Finance,M04,Syed Mubashir Ali,1.0,SU 10:55AM-1:00PM
EMBA 5022 LEC 2,Corporate Finance,M04,Syed Mubashir Ali,1.0,SU 2:00PM-4:05PM
EMBA 5041 LEC 1,Marketing Management,M01,Ehsan Ul Haque,1.0,SU 2:00PM-4:05PM
EMBA 5041 LEC 2,Marketing Management,M01,Ehsan Ul Haque,1.0,SU 8:30AM-10:35AM
EMBA 5063 LEC 1,Problem Solving and Decision Making,M01,Jamshed Hasan Khan,1.0,SU 10:55AM-1:00PM
EMBA 5063 LEC 2,Problem Solving and Decision Making,M01,Jamshed Hasan Khan,1.0,SU 2:00PM-4:05PM
EMBA 5211 LEC 1,Business Law,M04,Faiza Ali,1.0,SU 8:30AM-10:35AM
EMBA 5211 LEC 2,Business Law,M04,Faiza Ali,1.0,SU 10:55AM-1:00PM
EMBA 6071 LEC 1,Venture Creation,M04,Mansoor Nawaz,1.0,SU 2:00PM-4:05PM
EMBA 6071 LEC 2,Venture Creation,M04,Mansoor Nawaz,1.0,SU 8:30AM-10:35AM
ENGG 100 LAB 1,Design and Measurement Lab,16W,Qasim Imtiaz,2.0,W 9:00AM-1:50PM
ENGG 100 LAB 2,Design and Measurement Lab,16W,"Muhammad Umar Hassan
Ammar Ahmed Khan",2.0,R 9:00AM-1:50PM
ENGG 100 LAB 3,Design and Measurement Lab,16W,"Muhammad Umar Hassan
Ammar Ahmed Khan",2.0,T 9:00AM-1:50PM
ENGG 100 LAB 4,Design and Measurement Lab,16W,Zubair Khalid,2.0,M 9:00AM-1:50PM
ENGG 100 LAB 5,Design and Measurement Lab,16W,Muhammad Tahir,2.0,R 1:30PM-6:20PM
ENGG 100 LEC 1,Design and Measurement Lab,16W,Qasim Imtiaz,2.0,W 8:00AM-8:50AM
ENGG 100 LEC 2,Design and Measurement Lab,16W,"Muhammad Umar Hassan
Ammar Ahmed Khan",2.0,R 8:00AM-8:50AM
ENGG 100 LEC 3,Design and Measurement Lab,16W,"Muhammad Umar Hassan
Ammar Ahmed Khan",2.0,T 8:00AM-8:50AM
ENGG 100 LEC 4,Design and Measurement Lab,16W,Zubair Khalid,2.0,M 8:00AM-8:50AM
ENGG 100 LEC 5,Design and Measurement Lab,16W,Muhammad Tahir,2.0,R 12:30PM-1:20PM
ENGL 1000 LEC 1,Introduction to Literature in English,16W,Tom Edward Sewel,4.0,TR 2:00PM-3:50PM
ENGL 1102 LEC 1,Writing South Asia,16W,Younis Bin Azeem,4.0,TR 4:30PM-6:20PM
ENGL 1192 LEC 1,Introduction to Humour Writing,16W,Younis Bin Azeem,4.0,MW 2:00PM-3:50PM
ENGL 2402 LEC 1,Comics Scholarship and Graphic Narrative,16W,Tom Edward Sewel,4.0,MW 8:00AM-9:50AM
ENGL 2811 LEC 1,"Rethinking the Politics of Harem in Literature:
Women, Islam, and Gendered Spaces",16W,Sadia Zulfiqar,4.0,MW 12:00PM-1:50PM
ENGL 2991 LEC 1,"Text and Tech: Digital Approaches to the
Humanities",16W,,4.0,TR 8:00AM-9:50AM
ENGL 3172 LEC 1,"'The Empire Writes Back’: Diaspora Fiction in
Europe",16W,Farah Hasan Ali,4.0,MW 8:00AM-9:50AM
ENGL 3812 LEC 1,African Literature: Women Writing Back,16W,Furrukh A. Khan,4.0,MW 12:00PM-1:50PM
ENV 102 LEC 1,Introduction to Environmental Studies,16W,Maryam Ibrahim,4.0,TR 10:00AM-11:50AM
ENV 132 LEC 1,Disasters,16W,Sana Khosa,4.0,TR 2:00PM-3:50PM
ENV 210 LEC 1,Methods in Environmental Studies,16W,,4.0,MW 12:00PM-1:50PM
ENV 342 LEC 1,Environmentalism and Development,16W,Maryam Ibrahim,4.0,MW 3:00PM-4:50PM
FINN 100 LEC 1,Principles of Finance,16W,Salman Khan,3.0,MW 9:30AM-10:45AM
FINN 200 LEC 1,Intermediate Finance,16W,Bushra Naqvi,3.0,MW 11:00AM-12:15PM
FINN 200 LEC 2,Intermediate Finance,16W,Syed Hashim Mahmood Ali,3.0,MW 8:00AM-9:15AM
FINN 200 LEC 3,Intermediate Finance,16W,Syed Hashim Mahmood Ali,3.0,MW 9:30AM-10:45AM
FINN 243 LEC 1,"Fintech Revolution: Market Disruption and
Emerging Opportunities",16W,Syed Hashim Mahmood Ali,3.0,TR 5:00PM-6:15PM
FINN 372 LEC 1,Actuarial Sciences and Insurance,16W,Nauman Afzal Cheema,3.0,TR 12:30PM-1:45PM
FINN 373 LEC 1,Fundamentals of Actuarial Mathematics I,16W,,3.0,TR 5:00PM-6:15PM
FINN 400 LEC 1,Applied Corporate Finance,16W,Saad Azmat,3.0,TR 2:00PM-3:15PM
FINN 403 LEC 1,Financial Modelling,16W,Talha Farrukh,3.0,TR 11:00AM-12:15PM
FINN 441 LEC 1,Islamic Banking and Finance,16W,Saad Azmat,3.0,TR 3:30PM-4:45PM
FINN 454 LEC 1,Portfolio Management,16W,Syed Kumail Abbas Rizvi,3.0,MW 11:00AM-12:15PM
FINN 7201 LEC 1,Mathematical Modeling,16W,,3.0,W 9:30AM-12:30PM
FINN 8001 SEM 1,Seminar in Islamic and Corporate Finance,16W,Saad Azmat,3.0,R 10:30AM-1:30PM
FINN 8401 SEM 1,"Seminar in Financial Intermediation and
Regualatory Framework",16W,Bushra Naqvi,3.0,T 12:30PM-3:30PM
FMG 5101 LEC 1,Financial Statement Analysis and Value Creation,MS1,Syed Kumail Abbas Rizvi,3.0,FSU 10:45AM-12:45PM
GSL 102 SEM 1,Chinese Language for Beginners (HSK Level 1),16W,Hui Qi,4.0,TR 2:00PM-3:50PM
GSL 102 SEM 2,Chinese Language for Beginners (HSK Level 1),16W,Sikandar Ahmed Shah,4.0,TR 4:00PM-5:50PM
GSL 202 LEC 1,Writing from the Trial,16W,Sarah Humayun,4.0,MW 11:00AM-12:50PM
GSS 264 LEC 1,"Master Narratives: Minding Gender and Media
Gaps",16W,Maria Amir,4.0,TR 12:00PM-1:50PM
GSS 302 LEC 1,Feminist Theory,16W,Maria Amir,4.0,TR 4:00PM-5:50PM
HIST 122 LEC 1,East Asian History,16W,Hassan Haider Karrar,4.0,TR 11:00AM-12:50PM
HIST 124 LEC 1,The World Since 1453,16W,Ameem Lutfi,4.0,MW 4:00PM-5:50PM
HIST 2203 LEC 1,Making of Modern Afghanistan,16W,Jahanzeb Baloch,4.0,MW 4:00PM-5:50PM
HIST 2322 LEC 1,A Brief history of Evil,16W,Muhammad Ali Raza,4.0,TR 11:00AM-12:50PM
HIST 2324 LEC 1,"Conceptual Understanding of Borders and
Borderlands Studies",16W,Ilyas Ahmad Chattha,4.0,MW 2:00PM-3:50PM
HIST 314 LEC 1,19th Century Sikh Wall Paintings in Punjab,16W,Nadhra Shahbaz Naeem Khan,4.0,MW 2:00PM-3:50PM
HIST 3202 LEC 1,Civil War in the 20th Century,16W,Ilyas Ahmad Chattha,4.0,TR 2:00PM-3:50PM
HIST 329 LEC 1,The Cold War,16W,Hassan Haider Karrar,4.0,TR 1:30PM-3:20PM
HIST 3310 LEC 1,"The Atomic Age: Control, Confrontation, Disaster",16W,Waqar Zaidi,4.0,MW 12:00PM-1:50PM
HIST 427 LEC 1,"Walking in the City: Mapping Everyday Life in
Lahore",16W,Ali Usman Qasmi,4.0,WF 4:00PM-5:50PM
HMI 6202 LEC 1,Healthcare Operations Management,MS1,Hassan Rauf Chaudhry,3.0,FSU 8:30AM-10:30AM
LANG 1202 LEC 1,Arabic for Quran,16W,Hafiz Abdul Qadeer,4.0,WF 2:30PM-4:20PM
LANG 122 LEC 1,Introduction to Balochi Language,16W,Jahanzeb Baloch,4.0,TR 10:00AM-11:50AM
LANG 123 LEC 1,Introduction to Punjabi Language,16W,Zahid Hussain,4.0,TR 4:00PM-5:50PM
LANG 124 LEC 1,Introduction to Arabic Language,16W,Hafiz Abdul Qadeer,4.0,WF 4:30PM-6:20PM
LANG 127 LEC 1,Introduction to Persian Language,16W,Muhammad Iftikhar,4.0,TR 12:00PM-1:50PM
LANG 128 LEC 1,Sindhi for Non-Sindhi Speakers,16W,Ashok Kumar Khatri,4.0,MW 4:00PM-5:50PM
LANG 129 LEC 1,Pashto for Non-Native Speakers,16W,Imad .,4.0,MW 10:00AM-11:50AM
LANG 2203 LEC 1,Pashto: Intermediate Proficiency,16W,Imad .,4.0,TR 10:00AM-11:50AM
LANG 2204 LEC 1,The Art of Reading and Writing Punjabi,16W,Zahid Hussain,4.0,MW 4:00PM-5:50PM
LANG 2205 LEC 1,Sindhi: Intermediate Proficiency,16W,Ashok Kumar Khatri,4.0,TR 4:00PM-5:50PM
LANG 2206 LEC 1,"Contemporary Persian for Social and Professional
Use",16W,Muhammad Iftikhar,4.0,TR 2:30PM-4:20PM
LANG 2207 LEC 1,Enhancing Urdu Reading and Writing Skills,16W,,4.0,TR 2:00PM-3:50PM
LAW 102 LEC 1,Introduction to Pakistan Legal System,16W,Summaiya Zaidi,4.0,TR 4:00PM-5:50PM
LAW 102 LEC 2,Introduction to Pakistan Legal System,16W,Marva Khan,4.0,MW 2:00PM-3:50PM
LAW 102 LEC 3,Introduction to Pakistan Legal System,16W,,4.0,MW 4:00PM-5:50PM
LAW 220 LEC 1,Contracts,16W,Sheharyar Sikander Hamid,4.0,TR 1:00PM-2:50PM
LAW 220 LEC 2,Contracts,16W,Syeda Zehra Zaidi,4.0,MW 11:30AM-1:20PM
LAW 222 LEC 1,Torts,16W,Syeda Zehra Zaidi,4.0,MW 2:00PM-3:50PM
LAW 222 LEC 2,Torts,16W,Ahmed Hasan Khan,4.0,MW 3:30PM-5:20PM
LAW 240 LEC 1,Criminal Law,16W,Angbeen Atif Mirza,4.0,MW 10:00AM-11:50AM
LAW 240 LEC 2,Criminal Law,16W,Hammad Saeed,4.0,TR 4:30PM-6:20PM
LAW 280 LEC 1,"Legal Practice I: Legal Writing and Research
Methods",16W,Adnan Sattar,4.0,TR 2:00PM-3:50PM
LAW 280 LEC 2,"Legal Practice I: Legal Writing and Research
Methods",16W,Maria Farooq,4.0,TR 4:00PM-5:50PM
LAW 303 LEC 1,Advanced Writing from the Trial,16W,Sarah Humayun,4.0,TR 12:00PM-1:50PM
LAW 306 LEC 1,"International Relations and International Law:
Chinese Perspectives",16W,Syed Hassan Raza,4.0,MW 12:00PM-1:50PM
LAW 3203 LEC 1,"Introduction to Legal Aspects of Merger and
Acquisition law in Pakistan",16W,Ali Awais,4.0,MW 8:00AM-9:50AM
LAW 338 LEC 1,"Constitutional and Legal System of the United
Kingdom",16W,,4.0,WF 12:00PM-1:50PM
LAW 352 LEC 1,Public International Law,16W,Sikandar Ahmed Shah,4.0,MW 10:00AM-11:50AM
LAW 352 LEC 2,Public International Law,16W,Madiha Talat,4.0,MW 2:00PM-3:50PM
LAW 353 LEC 1,Human Rights,16W,Adnan Sattar,4.0,TR 4:00PM-5:50PM
LAW 426 LEC 1,Marxist Theories of Law,16W,Aisha Ahmad,4.0,TR 12:00PM-1:50PM
LAW 427 LEC 1,"Crime, Law and Finance: Wonders of White Color
Crime in Pakistan!",16W,Faiza .,4.0,MW 12:00PM-1:50PM
LAW 4304 LEC 1,Parliamentary Power Play,16W,Marva Khan,4.0,MW 10:00AM-11:50AM
LAW 4305 SEM 1,The Jurisprudence of Extractivism,16W,Asad Farooq,4.0,TR 4:00PM-5:50PM
LAW 4306 LEC 1,"Judicial Review Of Public Actions: Writ Jurisdiction
In Pakistan",16W,Zaki Rahman,4.0,WF 8:00AM-9:50AM
LAW 4505 SEM 1,"Business and Human Rights: A Critical Legal
Perspective from the South",16W,Muhammad Azeem,4.0,TR 12:00PM-1:50PM
LAW 471 LEC 1,Civil Procedure,16W,Muhammad Umar Ali,4.0,WF 3:00PM-4:50PM
LAW 471 LEC 2,Civil Procedure,16W,Fahad Malik,4.0,WF 4:00PM-5:50PM
LAW 472 LEC 1,Criminal Procedure,16W,Haider Rasul Mirza,4.0,WF 4:00PM-5:50PM
LAW 4812 LEC 1,Legal Practice II: Legal Instruments,16W,Muhammad Umar Ali,4.0,TR 4:00PM-5:50PM
LAW 4812 LEC 2,Legal Practice II: Legal Instruments,16W,Summaiya Zaidi,4.0,TR 2:00PM-3:50PM
LAW 4812 LEC 3,Legal Practice II: Legal Instruments,16W,,4.0,TR 4:00PM-5:50PM
LAW 486 LEC 1,Advanced Legal Research,16W,,4.0,TR 8:00AM-9:50AM
LAW 4924 LEC 1,Prison Paralegal Clinic,16W,Angbeen Atif Mirza,4.0,TR 10:00AM-11:50AM
MATH 100 LEC 1,Pre-Calculus,16W,,3.0,MW 12:30PM-1:45PM
MATH 100 LEC 2,Pre-Calculus,16W,,3.0,TR 8:00AM-9:15AM
MATH 101 LEC 1,Calculus I,16W,Haniya Azam,3.0,MW 12:30PM-1:45PM
MATH 101 LEC 2,Calculus I,16W,,3.0,TR 8:00AM-9:15AM
MATH 101 LEC 3,Calculus I,16W,,3.0,MW 2:00PM-3:15PM
MATH 101 LEC 4,Calculus I,16W,,3.0,TR 10:30AM-11:45AM
MATH 101 LEC 5,Calculus I,16W,,3.0,MW 5:00PM-6:15PM
MATH 101 LEC 6,Calculus I,16W,,3.0,MW 3:30PM-4:45PM
MATH 101H LEC 1,Calculus I (Honours),16W,Waqas Ali Azhar,3.0,TR 10:30AM-11:45AM
MATH 102 LEC 1,Calculus II,16W,,3.0,MW 4:30PM-5:45PM
MATH 102 LEC 2,Calculus II,16W,Masood Hussain Shah,3.0,TR 11:30AM-12:45PM
MATH 120 LEC 1,Linear Algebra with Differential Equations,16W,Imran Naeem,3.0,MW 5:00PM-6:15PM
MATH 120 LEC 2,Linear Algebra with Differential Equations,16W,,3.0,TR 8:00AM-9:15AM
MATH 204 LEC 1,Introduction to Formal Mathematics,16W,Shaheen Nazir,3.0,MW 1:30PM-2:45PM
MATH 210 LEC 1,Introduction to Differential Equations,16W,Ali Ashher Zaidi,3.0,TR 5:00PM-6:15PM
MATH 222 LEC 1,Linear Algebra II,16W,Haniya Azam,3.0,TR 12:30PM-1:45PM
MATH 230 LEC 1,Probability,16W,Reza Abdolmaleki,3.0,MW 11:30AM-12:45PM
MATH 300 LEC 1,Complex Variables,16W,Shaheen Nazir,3.0,MW 5:00PM-6:15PM
MATH 309 LEC 1,Introduction to Analysis II,16W,Waqas Ali Azhar,3.0,MW 3:00PM-4:15PM
MATH 341 LEC 1,Operations Research I,16W,Kamran Rashid,3.0,MW 8:00AM-9:15AM
MATH 414 LEC 1,Symmetry Methods for Differential Equations,16W,Imran Naeem,3.0,MW 11:30AM-12:45PM
MATH 4418 LEC 1,Numerical Linear Algebra,16W,Reza Abdolmaleki,3.0,MW 1:00PM-2:15PM
MATH 521 LEC 1,Advanced Algebra,16W,Imran Anwar,3.0,TR 10:00AM-11:15AM
MATH 5300 LEC 1,Probability and Statistical Analysis,16W,Sultan Sial,3.0,TR 1:00PM-2:15PM
MECO 111 LEC 1,Principles of Microeconomics,16W,Sameen Zafar,3.0,MW 2:00PM-3:15PM
MECO 111 LEC 2,Principles of Microeconomics,16W,Sameen Zafar,3.0,MW 3:30PM-4:45PM
MECO 111 LEC 3,Principles of Microeconomics,16W,Ummad Mazhar,3.0,TR 9:30AM-10:45AM
MECO 111 LEC 4,Principles of Microeconomics,16W,Ummad Mazhar,3.0,TR 11:00AM-12:15PM
MECO 111 LEC 5,Principles of Microeconomics,16W,Rabia Khan,3.0,TR 2:00PM-3:15PM
MECO 111 LEC 6,Principles of Microeconomics,16W,,3.0,MW 3:30PM-4:45PM
MECO 111 LEC 7,Principles of Microeconomics,16W,,3.0,MW 5:00PM-6:15PM
MECO 2201 LEC 1,Introduction to Business Economics,SDSB-Foundation,Ummad Mazhar,1.5,MRFSU 4:30PM-6:40PM
MECO 2201 LEC 2,Introduction to Business Economics,SDSB-Foundation,,1.5,MRFSU 8:30AM-10:40AM
MECO 5201 LEC 1,Business Economics,MS1,Ummad Mazhar,1.5,FSU 8:30AM-10:30AM
MECO 5201 LEC 2,Business Economics,MS1,Misbah Tanveer Chaudhry,1.5,FSU 4:15PM-6:15PM
MECO 5201 LEC 3,Business Economics,MS1,Misbah Tanveer Chaudhry,1.5,FSU 10:45AM-12:45PM
MECO 7301 LEC 1,Economic Theory,16W,Misbah Tanveer Chaudhry,3.0,T 3:00PM-6:00PM
MGMT 142 LEC 1,Principles of Management,16W,Mujeeb Rashid,3.0,TR 2:00PM-3:15PM
MGMT 142 LEC 2,Principles of Management,16W,Fareed Ud Din Farooq Qureshi,3.0,TR 9:30AM-10:45AM
MGMT 142 LEC 3,Principles of Management,16W,Fareed Ud Din Farooq Qureshi,3.0,TR 11:00AM-12:15PM
MGMT 142 LEC 4,Principles of Management,16W,Afaf Khalid,3.0,TR 9:30AM-10:45AM
MGMT 142 LEC 5,Principles of Management,16W,Mohsin Bashir,3.0,MW 11:00AM-12:15PM
MGMT 142 LEC 6,Principles of Management,16W,,3.0,MW 2:00PM-3:15PM
MGMT 142 LEC 7,Principles of Management,16W,,3.0,TR 2:00PM-3:15PM
MGMT 212 LEC 1,Business Communication,16W,Aneka Fahima Sufi,3.0,TR 11:00AM-12:15PM
MGMT 212 LEC 2,Business Communication,16W,Aneka Fahima Sufi,3.0,TR 2:00PM-3:15PM
MGMT 212 LEC 3,Business Communication,16W,Mehr Farhan Cheema,3.0,TR 9:30AM-10:45AM
MGMT 212 LEC 4,Business Communication,16W,Shezeen Salim Hemani,3.0,MW 11:00AM-12:15PM
MGMT 212 LEC 5,Business Communication,16W,Shezeen Salim Hemani,3.0,MW 12:30PM-1:45PM
MGMT 242 LEC 1,Business Ethics and Corporate Social Responsibility,16W,Razi Allah Lone,3.0,TR 11:00AM-12:15PM
MGMT 242 LEC 2,Business Ethics and Corporate Social Responsibility,16W,Razi Allah Lone,3.0,TR 2:00PM-3:15PM
MGMT 242 LEC 3,Business Ethics and Corporate Social Responsibility,16W,Razi Allah Lone,3.0,TR 3:30PM-4:45PM
MGMT 243 LEC 1,Public Administration,16W,Mohsin Bashir,3.0,TR 11:00AM-12:15PM
MGMT 247 LEC 1,Public Financial Management,16W,Sajid Siddique,3.0,TR 3:30PM-4:45PM
MGMT 252 LEC 1,Logic and Critical Thinking,16W,Muhammad Shabbir Ahsen,3.0,MW 2:00PM-3:15PM
MGMT 260 LEC 1,Business Law,16W,Ali Sultan,3.0,MW 8:00AM-9:15AM
MGMT 260 LEC 2,Business Law,16W,Ali Sultan,3.0,MW 9:30AM-10:45AM
MGMT 260 LEC 3,Business Law,16W,Ali Sultan,3.0,MW 11:00AM-12:15PM
MGMT 2601 LEC 1,Introduction to Management,SDSB-Foundation,Faiza Ali,1.5,MRFSU 11:00AM-1:10PM
MGMT 2601 LEC 2,Introduction to Management,SDSB-Foundation,,1.5,MRFSU 2:00PM-4:10PM
MGMT 261 LEC 1,Introduction to Policy Analysis,16W,Ghazal Mir Zulfiqar,3.0,TR 9:30AM-10:45AM
MGMT 262 LEC 1,Governance System of Pakistan,16W,,3.0,MW 5:00PM-6:15PM
MGMT 263 LEC 1,Contemporary Social Policy Issues in Pakistan,16W,Muhammad Ahsan Rana,3.0,TR 12:30PM-1:45PM
MGMT 283 LEC 1,Fundamentals of Hospitality Management,16W,Shireen Waheed,3.0,MW 12:30PM-1:45PM
MGMT 343 LEC 1,E-Government,16W,Shafay Shamail,3.0,TR 9:30AM-10:45AM
MGMT 348 LEC 1,Internet Governance and Technology Policy,16W,,3.0,MW 5:00PM-6:15PM
MGMT 386 LEC 1,"Business, Government, and Society",16W,Ghazal Mir Zulfiqar,3.0,TR 2:00PM-3:15PM
MGMT 400 LEC 1,Strategic Business Management,16W,Adnan Zahid,3.0,TR 3:30PM-4:45PM
MGMT 400 LEC 2,Strategic Business Management,16W,Adnan Zahid,3.0,MW 3:30PM-4:45PM
MGMT 400 LEC 3,Strategic Business Management,16W,Salma Zaman,3.0,TR 9:30AM-10:45AM
MGMT 481 LEC 1,Entrepreneurship,16W,Sahar Arif,3.0,TR 5:00PM-6:15PM
MGMT 7501 LEC 1,Philosophy of Administrative Sciences,10-WKS,Anjum Fayyaz,2.0,W 2:30PM-5:30PM
MGMT 8102 LEC 1,Seminar in Strategic Management,16W,Salma Zaman,3.0,W 9:00AM-12:00PM
MKTG 201 LEC 1,Principles of Marketing,16W,Muhammad Asim,3.0,TR 12:30PM-1:45PM
MKTG 201 LEC 2,Principles of Marketing,16W,Mahira Ilyas,3.0,TR 9:30AM-10:45AM
MKTG 201 LEC 3,Principles of Marketing,16W,Mahira Ilyas,3.0,TR 11:00AM-12:15PM
MKTG 201 LEC 4,Principles of Marketing,16W,Khudejah Iqbal Ali,3.0,MW 3:30PM-4:45PM
MKTG 2401 LEC 1,Introduction to Marketing,SDSB-Foundation,Saima Mujtaba Rana,1.5,MRFSU 8:30AM-10:40AM
MKTG 2401 LEC 2,Introduction to Marketing,SDSB-Foundation,,1.5,MRFSU 4:30PM-6:40PM
MKTG 302 LEC 1,Using New Media Technologies in Marketing,16W,,3.0,TR 3:30PM-4:45PM
MKTG 324 LEC 1,Integrated Marketing Communications,16W,,3.0,MW 3:30PM-4:45PM
MKTG 332 LEC 1,Consumer Behaviour,16W,Saima Mujtaba Rana,3.0,TR 9:30AM-10:45AM
MKTG 343 LEC 1,Marketing Models,16W,Muhammad Asim,3.0,TR 3:30PM-4:45PM
MKTG 345 LEC 1,Data Analytics for New Product Development,16W,Muhammad Asim,3.0,MW 3:30PM-4:45PM
MKTG 392 LEC 1,Brand Management,16W,Moeen Naseer Butt,3.0,MW 2:00PM-3:15PM
MKTG 5401 LEC 1,Marketing Management,MS1,Usman Iqbal Bhatty,3.0,FSU 10:45AM-12:45PM
MKTG 5401 LEC 2,Marketing Management,MS1,Aaminah Zaman Malik,3.0,FSU 8:30AM-10:30AM
MKTG 5401 LEC 3,Marketing Management,MS1,Aaminah Zaman Malik,3.0,FSU 4:15PM-6:15PM
ORSC 201 LEC 1,Organizational Behaviour,16W,Faiza Ali,3.0,MW 9:30AM-10:45AM
ORSC 201 LEC 2,Organizational Behaviour,16W,Faiza Ali,3.0,MW 11:00AM-12:15PM
ORSC 201 LEC 3,Organizational Behaviour,16W,Ghulam Ali Arain,3.0,TR 11:00AM-12:15PM
ORSC 201 LEC 4,Organizational Behaviour,16W,Ghulam Ali Arain,3.0,TR 12:30PM-1:45PM
ORSC 7302 LEC 1,Applications of Psychology in Management,16W,Jawad Sarwar Naqvi Syed,3.0,T 9:30AM-12:30PM
ORSC 8402 LEC 1,Seminar in Human Resource Management,16W,Muhammad Abdur Rahman Malik,3.0,R 9:30AM-12:30PM
PHIL 132 LEC 1,Introduction to Logic,16W,Muhammad Shabbir Ahsen,4.0,TR 8:00AM-9:50AM
PHIL 203 LEC 1,Introduction to Philosophy II,16W,Syed Sikander Gilani,4.0,TR 12:00PM-1:50PM
PHIL 204 LEC 1,Contemporary Moral Problems,16W,Syed Sikander Gilani,4.0,MW 4:30PM-6:20PM
PHY 101 LEC 1,Mechanics,16W,Adam Zaman Chaudhry,4.0,MW 2:00PM-3:15PM
PHY 101 LEC 2,Mechanics,16W,Adam Zaman Chaudhry,4.0,TR 2:30PM-3:45PM
PHY 101 RAC 1,Mechanics,16W,Adam Zaman Chaudhry,4.0,F 9:00AM-9:50AM
PHY 101 RAC 2,Mechanics,16W,Adam Zaman Chaudhry,4.0,M 8:00AM-8:50AM
PHY 101 RAC 3,Mechanics,16W,Adam Zaman Chaudhry,4.0,F 8:00AM-8:50AM
PHY 101 RAC 4,Mechanics,16W,Adam Zaman Chaudhry,4.0,M 9:00AM-9:50AM
PHY 101 RAC 5,Mechanics,16W,Adam Zaman Chaudhry,4.0,F 4:00PM-4:50PM
PHY 101 RAC 6,Mechanics,16W,Adam Zaman Chaudhry,4.0,F 2:00PM-2:50PM
PHY 101 RAC 7,Mechanics,16W,Adam Zaman Chaudhry,4.0,F 3:00PM-3:50PM
PHY 101 RAC 8,Mechanics,16W,Adam Zaman Chaudhry,4.0,F 5:00PM-5:50PM
PHY 204 LEC 1,Electricity and Magnetism,16W,Rizwan Khalid,3.0,TR 4:30PM-5:45PM
PHY 212 LEC 1,Quantum Mechanics I,16W,Syed Moeez Hassan,3.0,MW 4:30PM-5:45PM
PHY 223 LEC 1,"Mathematical Methods in Physics and Engineering
I",16W,Ammar Ahmed Khan,3.0,MW 8:00AM-9:15AM
PHY 300 LAB 1,Experimental Physics Lab II,16W,Muhammad Hamza Humayun,3.0,W 9:00AM-5:50PM
PHY 301 LEC 1,Classical Mechanics,16W,Tajdar Mufti,3.0,TR 12:00PM-1:15PM
PHY 313 LEC 1,Statistical Mechanics,16W,,4.0,TR 8:00AM-9:50AM
PHY 316 LEC 1,Introduction to Computational Neuroscience,16W,,3.0,TR 8:00AM-9:15AM
PHY 404 LEC 1,Relativistic Electrodynamics,16W,Syed Moeez Hassan,3.0,TR 1:30PM-2:45PM
PHY 501 LAB 1,Electrodynamics,16W,Rizwan Khalid,3.0,M 9:30AM-12:20PM
PHY 501 LEC 1,Electrodynamics,16W,Rizwan Khalid,3.0,TR 10:00AM-10:50AM
PHY 5114 LEC 1,Quantum Algorithms,16W,Muhammad Faryad,3.0,TR 9:30AM-10:45AM
PHY 512 LEC 1,Advanced Quantum Mechanics,16W,Muhammad Faryad,3.0,TR 11:00AM-12:15PM
PHY 633 LEC 1,Magnetism: Theory and Experiment,16W,Muhammad Sabieh Anwar,3.0,TR 3:30PM-4:45PM
POL 100 LEC 1,Introduction to Political Science,16W,Rida Ashfaq,4.0,TR 10:00AM-11:50AM
POL 100 LEC 2,Introduction to Political Science,16W,Rida Ashfaq,4.0,TR 2:00PM-3:50PM
POL 100 LEC 3,Introduction to Political Science,16W,,4.0,MW 10:00AM-11:50AM
POL 132 LEC 1,Introduction to Politics in Developing Countries,16W,,4.0,MW 2:00PM-3:50PM
POL 203 LEC 1,Introduction to Political Theory,16W,Adeel Hamza,4.0,MW 4:00PM-5:50PM
POL 203 LEC 2,Introduction to Political Theory,16W,Muhammad Shabbir Ahsen,4.0,TR 4:00PM-5:50PM
POL 2214 LEC 1,"Decolonizing Democracy: Lessons from the Global
South",16W,Farhat Haq,4.0,TR 12:00PM-1:50PM
POL 266 LEC 1,Women and Political Theory,16W,Adeel Hamza,4.0,TR 4:00PM-5:50PM
POL 3113 LEC 1,Political Islam: Ideology and Politics,16W,Taimur Rahman,4.0,MW 4:00PM-5:50PM
POL 320 LEC 1,Comparative Politics,16W,Asma ul-Husna Faiz,4.0,TR 10:00AM-11:50AM
POL 320 LEC 2,Comparative Politics,16W,Asma ul-Husna Faiz,4.0,TR 2:00PM-3:50PM
POL 3202 LEC 1,Qualitative Research Methods in Political Science,16W,Hafiz Muhammad Salman Rafi,4.0,MW 2:00PM-3:50PM
POL 324 LEC 1,Marxism and the Modern World,16W,Taimur Rahman,4.0,TR 4:00PM-5:50PM
POL 3302 LEC 1,Theories of IR,16W,Syed Rashid Munir,4.0,TR 12:00PM-1:50PM
POL 366 LEC 1,Terrorism as Political Action,16W,Syed Rashid Munir,4.0,TR 2:00PM-3:50PM
POL 4112 LEC 1,Political Leadership,16W,Mohammad Waseem,4.0,MW 2:00PM-3:50PM
POL 412 LEC 1,Diplomacy in International Relations,16W,Shahid Malik,4.0,TR 10:00AM-11:50AM
PSY 100 LEC 1,Introduction to Psychology and Human Behavior,16W,Yasser Hashmi,4.0,TR 4:00PM-5:50PM
PSY 100 LEC 2,Introduction to Psychology and Human Behavior,16W,Natasha Sohail Barlas,4.0,TR 4:00PM-5:50PM
PSY 100 LEC 3,Introduction to Psychology and Human Behavior,16W,Arman Ashraf,4.0,MW 2:00PM-3:50PM
PSY 212 LEC 1,Theories of Learning,16W,Imran Rashid,4.0,MW 12:00PM-1:50PM
PSY 214 LEC 1,Perception,16W,Yasser Hashmi,4.0,MW 4:00PM-5:50PM
PSY 220 LEC 1,Psychopathology,16W,Tahira Haider,4.0,MW 2:00PM-3:50PM
PSY 300 LEC 1,Social Psychology,16W,Imran Rashid,4.0,TR 12:00PM-1:50PM
PSY 321 LEC 1,Life Span Development,16W,Natasha Sohail Barlas,4.0,TR 2:00PM-3:50PM
REL 200 LEC 1,What is Religion,16W,Essam Fahim,4.0,MW 2:00PM-3:50PM
REL 224 LEC 1,"Introduction to Quranic and Modern Standard
Arabic",16W,Asif Iftikhar,4.0,TR 4:00PM-5:50PM
REL 235 LEC 1,"Religion, Conflict, and Peace Building",16W,Aurangzeb Haneef,4.0,MW 2:00PM-3:50PM
REL 314 LEC 1,Islamic Historiography: An Introduction,16W,Baqar Hassan Syed,4.0,MW 10:00AM-11:50AM
REL 315 LEC 1,Religion and Existentialism,16W,Mian Muhammad Nauman Faizi,4.0,TR 2:00PM-3:50PM
REL 332 LEC 1,"What is ""Islamic"" history?",16W,Irfan Moeen Khan,4.0,MW 10:00AM-11:50AM
REL 334 LEC 1,"Experience and Interpretation in Muslim Feminist
Scriptural Discourse",16W,,4.0,TR 10:00AM-11:50AM
SCI 503 LEC 1,STEM Teaching in the AI Era,16W,"Muhammad Hamad Alizai
Anusheh Attique",3.0,MW 12:00PM-1:15PM
SCRM 6101 LEC 1,Operations and Supply Chain Strategy,MS1,Ahsan Umar,3.0,FSU 6:30PM-8:30PM
SOC 100 LEC 1,Introduction to Sociology,16W,Amen Jaffer,4.0,MW 4:00PM-5:50PM
SOC 100 LEC 2,Introduction to Sociology,16W,Tania Saeed,4.0,MW 12:00PM-1:50PM
SOC 253 LEC 1,Scientific Imagination and the Religious Mind,16W,Basit Bilal Koshul,4.0,TR 12:00PM-1:50PM
SOC 265 LEC 1,Introduction to Gender and Sexuality Studies,16W,Nida Yasmeen Kirmani,4.0,MW 12:00PM-1:50PM
SOC 310 LEC 1,Classical Sociological Theory,16W,Umair Javed,4.0,TR 12:00PM-1:50PM
SOC 320 LEC 1,Quantitative Research Methods,16W,,4.0,MW 10:00AM-11:50AM
SOC 334 LEC 1,The Informal Economy,16W,Umair Javed,4.0,MW 12:00PM-1:50PM
SOC 353 LEC 1,Social Science and the Post-Secular Age,16W,Basit Bilal Koshul,4.0,TR 4:00PM-5:50PM
SS 100 LEC 1,Writing and Communication,16W,,4.0,TR 8:00AM-9:50AM
SS 100 LEC 2,Writing and Communication,16W,,4.0,TR 9:30AM-11:20AM
SS 100 LEC 3,Writing and Communication,16W,,4.0,TR 1:30PM-3:20PM
SS 100 LEC 4,Writing and Communication,16W,,4.0,MW 9:30AM-11:20AM
SS 100 LEC 5,Writing and Communication,16W,,4.0,TR 1:00PM-2:50PM
SS 100 LEC 6,Writing and Communication,16W,,4.0,MW 2:00PM-3:50PM
SS 100 LEC 7,Writing and Communication,16W,,4.0,TR 4:00PM-5:50PM
SS 100 LEC 8,Writing and Communication,16W,,4.0,MW 10:00AM-11:50AM
SS 100 LEC 9,Writing and Communication,16W,,4.0,TR 12:00PM-1:50PM
SS 100 LEC 10,Writing and Communication,16W,,4.0,TR 4:00PM-5:50PM
SS 100 LEC 11,Writing and Communication,16W,,4.0,MW 11:00AM-12:50PM
SS 100 LEC 12,Writing and Communication,16W,,4.0,MW 12:00PM-1:50PM
SS 100 LEC 13,Writing and Communication,16W,,4.0,MW 8:00AM-9:50AM
SS 100 LEC 14,Writing and Communication,16W,,4.0,TR 10:00AM-11:50AM
SS 100 LEC 15,Writing and Communication,16W,,4.0,MW 9:00AM-10:50AM
SS 100 LEC 16,Writing and Communication,16W,,4.0,TR 2:00PM-3:50PM
SS 100 LEC 17,Writing and Communication,16W,,4.0,TR 3:30PM-5:20PM
SS 100 LEC 18,Writing and Communication,16W,,4.0,TR 9:00AM-10:50AM
SS 100 LEC 19,Writing and Communication,16W,,4.0,MW 2:00PM-3:50PM
SS 100 LEC 20,Writing and Communication,16W,,4.0,MW 2:00PM-3:50PM
SS 100 LEC 21,Writing and Communication,16W,,4.0,TR 11:30AM-1:20PM
SS 100 LEC 22,Writing and Communication,16W,,4.0,MW 12:00PM-1:50PM
SS 100 LEC 23,Writing and Communication,16W,,4.0,TR 11:00AM-12:50PM
SS 100A LEC 1,Introduction to Writing,16W,,2.0,TR 4:00PM-4:50PM
SS 100A LEC 2,Introduction to Writing,16W,,2.0,MW 8:00AM-8:50AM
SS 100A LEC 3,Introduction to Writing,16W,,2.0,MW 1:00PM-1:50PM
SS 100A LEC 4,Introduction to Writing,16W,,2.0,TR 11:00AM-11:50AM
SS 100A LEC 5,Introduction to Writing,16W,,2.0,TR 10:00AM-10:50AM
SS 101 LEC 1,Islamic Studies,16W,Aurangzeb Haneef,2.0,F 8:00AM-9:50AM
SS 101 LEC 2,Islamic Studies,16W,Essam Fahim,2.0,F 4:00PM-5:50PM
SS 101 LEC 3,Islamic Studies,16W,Baqar Hassan Syed,2.0,T 2:00PM-3:50PM
SS 101 LEC 4,Islamic Studies,16W,Essam Fahim,2.0,R 12:00PM-1:50PM
SS 101 LEC 5,Islamic Studies,16W,Asif Iftikhar,2.0,F 2:00PM-3:50PM
SS 102 LEC 1,Pakistan Studies: Culture and Heritage,16W,,2.0,F 4:00PM-5:50PM
SS 102 LEC 2,Pakistan Studies: Culture and Heritage,16W,,2.0,F 8:00AM-9:50AM
SS 102 LEC 3,Pakistan Studies: Culture and Heritage,16W,,2.0,T 8:00AM-9:50AM
SS 102 LEC 4,Pakistan Studies: Culture and Heritage,16W,,2.0,F 2:00PM-3:50PM
SS 102 LEC 5,Pakistan Studies: Culture and Heritage,16W,,2.0,W 2:00PM-3:50PM
SS 102 LEC 6,Pakistan Studies: Culture and Heritage,16W,,2.0,M 8:00AM-9:50AM
SS 102 LEC 7,Pakistan Studies: Culture and Heritage,16W,,2.0,W 8:00AM-9:50AM
SS 102 LEC 8,Pakistan Studies: Culture and Heritage,16W,,2.0,M 4:00PM-5:50PM
SS 102 LEC 9,Pakistan Studies: Culture and Heritage,16W,,2.0,F 11:00AM-12:50PM
SS 1302 LEC 1,"Sur, Tal aur Rag: Foundations of South Asian Music",16W,Sadaf Habib,4.0,TR 10:00AM-11:50AM
SS 1303 LEC 1,Introduction to Kathak,16W,,4.0,TR 1:00PM-2:50PM
SS 187 LEC 1,Applied Statistics for Humanities,16W,Muhammad Saad Imtiaz,4.0,MW 12:00PM-1:50PM
SS 187 LEC 2,Applied Statistics for Humanities,16W,Muhammad Salaar Arif Khan,4.0,TR 12:00PM-1:50PM
SS 233 LEC 1,Media Writing,16W,Syed Javed Nazir,4.0,TR 8:00AM-9:50AM
SS 3302 LEC 1,Professional Communication Skills,16W,Aamna Khalid,4.0,MW 3:00PM-4:50PM
SSE 101 LEC 1,First Year Tutorial,16W,,0.5,F 10:00AM-12:50PM
SSE 101 LEC 2,First Year Tutorial,16W,,0.5,F 10:00AM-12:50PM
SSE 101 LEC 3,First Year Tutorial,16W,,0.5,F 10:00AM-12:50PM
SSE 101 LEC 4,First Year Tutorial,16W,,0.5,F 10:00AM-12:50PM
SSE 101 LEC 5,First Year Tutorial,16W,,0.5,F 10:00AM-12:50PM
SSE 101 LEC 6,First Year Tutorial,16W,,0.5,F 10:00AM-12:50PM
SSE 101 LEC 7,First Year Tutorial,16W,,0.5,F 10:00AM-12:50PM
SSE 101 LEC 8,First Year Tutorial,16W,,0.5,F 10:00AM-12:50PM
SSE 101 LEC 9,First Year Tutorial,16W,,0.5,F 10:00AM-12:50PM
SSE 101 LEC 10,First Year Tutorial,16W,,0.5,F 10:00AM-12:50PM
SSE 101 LEC 11,First Year Tutorial,16W,,0.5,F 10:00AM-12:50PM
SSE 101 LEC 12,First Year Tutorial,16W,,0.5,F 10:00AM-12:50PM
SSE 101 LEC 13,First Year Tutorial,16W,,0.5,F 10:00AM-12:50PM
SSE 101 LEC 14,First Year Tutorial,16W,,0.5,F 10:00AM-12:50PM
SSE 101 LEC 15,First Year Tutorial,16W,,0.5,F 10:00AM-12:50PM
SSE 101 LEC 16,First Year Tutorial,16W,,0.5,F 10:00AM-12:50PM
SSE 101 LEC 17,First Year Tutorial,16W,,0.5,F 10:00AM-12:50PM
SSE 101 LEC 18,First Year Tutorial,16W,,0.5,F 10:00AM-12:50PM
SSE 101 LEC 19,First Year Tutorial,16W,,0.5,F 10:00AM-12:50PM
SSE 101 LEC 20,First Year Tutorial,16W,,0.5,F 10:00AM-12:50PM
SSE 101 LEC 21,First Year Tutorial,16W,,0.5,F 10:00AM-12:50PM
SSE 101 LEC 22,First Year Tutorial,16W,,0.5,F 10:00AM-12:50PM
SSE 101 LEC 23,First Year Tutorial,16W,,0.5,F 10:00AM-12:50PM
SSE 101 LEC 24,First Year Tutorial,16W,,0.5,F 10:00AM-12:50PM
SWR 102 PRT 1,Swimming for Beginners,16W,"Muhammad Haider Awan
Amir Hussain",1.0,TR 10:00AM-11:15AM
SWR 102 PRT 2,Swimming for Beginners,16W,"Khalida Bashir
Rabia Yasin",1.0,MW 10:00AM-11:15AM
SWR 102 PRT 3,Swimming for Beginners,16W,"Rashid Ahmad
Azmat Ullah",1.0,TR 2:00PM-3:15PM
SWR 102 PRT 4,Swimming for Beginners,16W,"Kausar Farooq
Nimra Nimra",1.0,MW 2:00PM-3:15PM
SWR 102 PRT 5,Swimming for Beginners,16W,"Khalida Bashir
Rabia Yasin",1.0,TR 12:00PM-1:15PM
SWR 102 PRT 6,Swimming for Beginners,16W,"Muhammad Haider Awan
Amir Hussain",1.0,MW 12:00PM-1:15PM
SWR 102 PRT 7,Swimming for Beginners,16W,"Kausar Farooq
Nimra Nimra",1.0,TR 4:00PM-5:15PM
SWR 102 PRT 8,Swimming for Beginners,16W,"Rashid Ahmad
Azmat Ullah",1.0,MW 4:00PM-5:15PM
SWR 103 PRT 1,Strength Training and Conditioning for Beginners,16W,Muhammad Bilal Iqbal Khan,1.0,MW 10:00AM-11:15AM
SWR 103 PRT 2,Strength Training and Conditioning for Beginners,16W,Muhammad Bilal Iqbal Khan,1.0,TR 10:00AM-11:15AM
SWR 103 PRT 3,Strength Training and Conditioning for Beginners,16W,Mudassar Naseer,1.0,MW 2:00PM-3:15PM
SWR 103 PRT 4,Strength Training and Conditioning for Beginners,16W,Mudassar Naseer,1.0,TR 2:00PM-3:15PM
SWR 103 PRT 5,Strength Training and Conditioning for Beginners,16W,Muhammad Shakeel,1.0,TR 4:00PM-5:15PM
SWR 103 PRT 6,Strength Training and Conditioning for Beginners,16W,Muhammad Shakeel,1.0,MW 4:00PM-5:15PM
SWR 103 PRT 7,Strength Training and Conditioning for Beginners,16W,Kanwal Yousaf,1.0,MW 10:00AM-11:15AM
SWR 103 PRT 8,Strength Training and Conditioning for Beginners,16W,Kanwal Yousaf,1.0,TR 10:00AM-11:15AM
SWR 103 PRT 9,Strength Training and Conditioning for Beginners,16W,Aruba Naz,1.0,MW 11:30AM-12:45PM
SWR 103 PRT 10,Strength Training and Conditioning for Beginners,16W,Aruba Naz,1.0,TR 11:30AM-12:45PM
SWR 103 PRT 11,Strength Training and Conditioning for Beginners,16W,Shabana Kausar,1.0,MW 4:00PM-5:15PM
SWR 103 PRT 12,Strength Training and Conditioning for Beginners,16W,Shabana Kausar,1.0,TR 4:00PM-5:15PM
SWR 104 PRT 1,Basketball for beginners,16W,Mohsin Riaz,1.0,MW 3:30PM-4:45PM
SWR 104 PRT 2,Basketball for beginners,16W,Mohsin Riaz,1.0,MW 5:00PM-6:15PM
SWR 104 PRT 3,Basketball for beginners,16W,Mohsin Riaz,1.0,TR 3:30PM-4:45PM
SWR 104 PRT 4,Basketball for beginners,16W,Mohsin Riaz,1.0,TR 5:00PM-6:15PM
SWR 105 PRT 1,"Walk, Jog and Stretch for Fitness",16W,Babar Asad Khan,1.0,MW 3:30PM-4:45PM
SWR 105 PRT 2,"Walk, Jog and Stretch for Fitness",16W,Babar Asad Khan,1.0,MW 5:00PM-6:15PM
SWR 105 PRT 3,"Walk, Jog and Stretch for Fitness",16W,Babar Asad Khan,1.0,TR 3:30PM-4:45PM
SWR 105 PRT 4,"Walk, Jog and Stretch for Fitness",16W,Babar Asad Khan,1.0,TR 5:00PM-6:15PM
